Cache sync 1 at Sun Apr 26 12:43:42 UTC 2026
Cache sync 2 at Sun Apr 26 12:43:42 UTC 2026
Cache sync 3 at Sun Apr 26 12:43:42 UTC 2026
Cache sync 4 at Sun Apr 26 12:43:42 UTC 2026
Cache sync 1 at Sun Apr 26 18:38:41 UTC 2026
Cache sync 2 at Sun Apr 26 18:38:41 UTC 2026
Cache sync 3 at Sun Apr 26 18:38:41 UTC 2026
Cache sync 4 at Sun Apr 26 18:38:41 UTC 2026
Cache sync 5 at Sun Apr 26 18:38:41 UTC 2026
Cache sync 6 at Sun Apr 26 18:38:41 UTC 2026
Cache sync 7 at Sun Apr 26 18:38:41 UTC 2026
Cache sync 8 at Sun Apr 26 18:38:41 UTC 2026
Cache sync 9 at Sun Apr 26 18:38:41 UTC 2026
Cache sync 10 at Sun Apr 26 18:38:41 UTC 2026
Cache sync 11 at Sun Apr 26 18:38:41 UTC 2026
Cache sync 12 at Sun Apr 26 18:38:41 UTC 2026
Cache sync 13 at Sun Apr 26 18:38:41 UTC 2026
Cache sync 14 at Sun Apr 26 18:38:41 UTC 2026
Cache sync 15 at Sun Apr 26 18:38:42 UTC 2026
Cache sync 16 at Sun Apr 26 18:38:42 UTC 2026
Cache sync 17 at Sun Apr 26 18:38:42 UTC 2026
Cache sync 18 at Sun Apr 26 18:38:42 UTC 2026
Cache sync 19 at Sun Apr 26 18:38:42 UTC 2026
Cache sync 20 at Sun Apr 26 18:38:42 UTC 2026
Cache sync 21 at Sun Apr 26 18:38:42 UTC 2026
Cache sync 22 at Sun Apr 26 18:38:42 UTC 2026
Cache sync 23 at Sun Apr 26 18:38:42 UTC 2026
Cache sync 24 at Sun Apr 26 18:38:42 UTC 2026
Cache sync 25 at Sun Apr 26 18:38:42 UTC 2026
Cache sync 26 at Sun Apr 26 18:38:42 UTC 2026
Cache sync 27 at Sun Apr 26 18:38:42 UTC 2026
Cache sync 28 at Sun Apr 26 18:38:42 UTC 2026
Cache sync 29 at Sun Apr 26 18:38:42 UTC 2026
Cache sync 30 at Sun Apr 26 18:38:42 UTC 2026
Cache sync 31 at Sun Apr 26 18:38:42 UTC 2026
Cache sync 32 at Sun Apr 26 18:38:42 UTC 2026
Cache sync 33 at Sun Apr 26 18:38:42 UTC 2026
Cache sync 34 at Sun Apr 26 18:38:42 UTC 2026
Cache sync 35 at Sun Apr 26 18:38:42 UTC 2026
Cache sync 36 at Sun Apr 26 18:38:42 UTC 2026
Cache sync 37 at Sun Apr 26 18:38:42 UTC 2026
Cache sync 38 at Sun Apr 26 18:38:42 UTC 2026
Cache sync 39 at Sun Apr 26 18:38:42 UTC 2026
Cache sync 40 at Sun Apr 26 18:38:42 UTC 2026
Cache sync 41 at Sun Apr 26 18:38:42 UTC 2026
Cache sync 42 at Sun Apr 26 18:38:42 UTC 2026
Cache sync 43 at Sun Apr 26 18:38:42 UTC 2026
Cache sync 44 at Sun Apr 26 18:38:42 UTC 2026
Cache sync 45 at Sun Apr 26 18:38:42 UTC 2026
Cache sync 46 at Sun Apr 26 18:38:42 UTC 2026
Cache sync 47 at Sun Apr 26 18:38:42 UTC 2026
Cache sync 48 at Sun Apr 26 18:38:42 UTC 2026
Cache sync 49 at Sun Apr 26 18:38:42 UTC 2026
Cache sync 50 at Sun Apr 26 18:38:42 UTC 2026
Cache sync 51 at Sun Apr 26 18:38:42 UTC 2026
Cache sync 52 at Sun Apr 26 18:38:42 UTC 2026
Cache sync 53 at Sun Apr 26 18:38:42 UTC 2026
Cache sync 54 at Sun Apr 26 18:38:42 UTC 2026
Cache sync 55 at Sun Apr 26 18:38:42 UTC 2026
Cache sync 56 at Sun Apr 26 18:38:42 UTC 2026
Cache sync 57 at Sun Apr 26 18:38:42 UTC 2026
Cache sync 58 at Sun Apr 26 18:38:42 UTC 2026
Cache sync 59 at Sun Apr 26 18:38:42 UTC 2026
Cache sync 60 at Sun Apr 26 18:38:42 UTC 2026
Cache sync 61 at Sun Apr 26 18:38:42 UTC 2026
Cache sync 62 at Sun Apr 26 18:38:42 UTC 2026
Cache sync 63 at Sun Apr 26 18:38:42 UTC 2026
Cache sync 64 at Sun Apr 26 18:38:42 UTC 2026
Cache sync 65 at Sun Apr 26 18:38:42 UTC 2026
Cache sync 66 at Sun Apr 26 18:38:42 UTC 2026
Cache sync 67 at Sun Apr 26 18:38:42 UTC 2026
Cache sync 68 at Sun Apr 26 18:38:42 UTC 2026
Cache sync 69 at Sun Apr 26 18:38:42 UTC 2026
Cache sync 70 at Sun Apr 26 18:38:42 UTC 2026
Cache sync 71 at Sun Apr 26 18:38:42 UTC 2026
Cache sync 72 at Sun Apr 26 18:38:42 UTC 2026
Cache sync 73 at Sun Apr 26 18:38:42 UTC 2026
Cache sync 74 at Sun Apr 26 18:38:42 UTC 2026
Cache sync 75 at Sun Apr 26 18:38:42 UTC 2026
Cache sync 76 at Sun Apr 26 18:38:42 UTC 2026
Cache sync 77 at Sun Apr 26 18:38:42 UTC 2026
Cache sync 78 at Sun Apr 26 18:38:42 UTC 2026
Cache sync 1 at Mon Apr 27 08:06:35 UTC 2026
Cache sync 2 at Mon Apr 27 08:06:35 UTC 2026
Cache sync 3 at Mon Apr 27 08:06:35 UTC 2026
Cache sync 4 at Mon Apr 27 08:06:35 UTC 2026
Cache sync 5 at Mon Apr 27 08:06:35 UTC 2026
Cache sync 6 at Mon Apr 27 08:06:35 UTC 2026
Cache sync 7 at Mon Apr 27 08:06:35 UTC 2026
Cache sync 8 at Mon Apr 27 08:06:35 UTC 2026
Cache sync 9 at Mon Apr 27 08:06:35 UTC 2026
Cache sync 10 at Mon Apr 27 08:06:35 UTC 2026
Cache sync 11 at Mon Apr 27 08:06:35 UTC 2026
Cache sync 12 at Mon Apr 27 08:06:35 UTC 2026
Cache sync 13 at Mon Apr 27 08:06:35 UTC 2026
Cache sync 14 at Mon Apr 27 08:06:35 UTC 2026
Cache sync 15 at Mon Apr 27 08:06:35 UTC 2026
Cache sync 16 at Mon Apr 27 08:06:35 UTC 2026
Cache sync 17 at Mon Apr 27 08:06:35 UTC 2026
Cache sync 18 at Mon Apr 27 08:06:35 UTC 2026
Cache sync 19 at Mon Apr 27 08:06:35 UTC 2026
Cache sync 20 at Mon Apr 27 08:06:35 UTC 2026
Cache sync 21 at Mon Apr 27 08:06:35 UTC 2026
Cache sync 22 at Mon Apr 27 08:06:35 UTC 2026
Cache sync 23 at Mon Apr 27 08:06:35 UTC 2026
Cache sync 24 at Mon Apr 27 08:06:35 UTC 2026
Cache sync 25 at Mon Apr 27 08:06:35 UTC 2026
Cache sync 26 at Mon Apr 27 08:06:35 UTC 2026
Cache sync 27 at Mon Apr 27 08:06:35 UTC 2026
Cache sync 28 at Mon Apr 27 08:06:35 UTC 2026
Cache sync 29 at Mon Apr 27 08:06:35 UTC 2026
Cache sync 30 at Mon Apr 27 08:06:35 UTC 2026
Cache sync 31 at Mon Apr 27 08:06:35 UTC 2026
Cache sync 32 at Mon Apr 27 08:06:35 UTC 2026
Cache sync 33 at Mon Apr 27 08:06:35 UTC 2026
Cache sync 34 at Mon Apr 27 08:06:35 UTC 2026
Cache sync 35 at Mon Apr 27 08:06:35 UTC 2026
Cache sync 36 at Mon Apr 27 08:06:35 UTC 2026
Cache sync 37 at Mon Apr 27 08:06:35 UTC 2026
Cache sync 38 at Mon Apr 27 08:06:35 UTC 2026
Cache sync 39 at Mon Apr 27 08:06:35 UTC 2026
Cache sync 40 at Mon Apr 27 08:06:35 UTC 2026
Cache sync 41 at Mon Apr 27 08:06:35 UTC 2026
Cache sync 42 at Mon Apr 27 08:06:35 UTC 2026
Cache sync 43 at Mon Apr 27 08:06:35 UTC 2026
Cache sync 44 at Mon Apr 27 08:06:35 UTC 2026
Cache sync 45 at Mon Apr 27 08:06:35 UTC 2026
Cache sync 46 at Mon Apr 27 08:06:35 UTC 2026
Cache sync 47 at Mon Apr 27 08:06:35 UTC 2026
Cache sync 48 at Mon Apr 27 08:06:35 UTC 2026
Cache sync 49 at Mon Apr 27 08:06:35 UTC 2026
Cache sync 50 at Mon Apr 27 08:06:35 UTC 2026
Cache sync 51 at Mon Apr 27 08:06:35 UTC 2026
Cache sync 52 at Mon Apr 27 08:06:35 UTC 2026
Cache sync 53 at Mon Apr 27 08:06:35 UTC 2026
Cache sync 1 at Mon Apr 27 13:19:31 UTC 2026
Cache sync 2 at Mon Apr 27 13:19:31 UTC 2026
Cache sync 3 at Mon Apr 27 13:19:31 UTC 2026
Cache sync 4 at Mon Apr 27 13:19:31 UTC 2026
Cache sync 5 at Mon Apr 27 13:19:31 UTC 2026
Cache sync 6 at Mon Apr 27 13:19:31 UTC 2026
Cache sync 7 at Mon Apr 27 13:19:31 UTC 2026
Cache sync 8 at Mon Apr 27 13:19:31 UTC 2026
Cache sync 9 at Mon Apr 27 13:19:31 UTC 2026
Cache sync 10 at Mon Apr 27 13:19:31 UTC 2026
Cache sync 11 at Mon Apr 27 13:19:31 UTC 2026
Cache sync 12 at Mon Apr 27 13:19:31 UTC 2026
Cache sync 13 at Mon Apr 27 13:19:31 UTC 2026
Cache sync 14 at Mon Apr 27 13:19:31 UTC 2026
Cache sync 15 at Mon Apr 27 13:19:31 UTC 2026
Cache sync 16 at Mon Apr 27 13:19:31 UTC 2026
Cache sync 17 at Mon Apr 27 13:19:31 UTC 2026
Cache sync 18 at Mon Apr 27 13:19:31 UTC 2026
Cache sync 19 at Mon Apr 27 13:19:31 UTC 2026
Cache sync 20 at Mon Apr 27 13:19:31 UTC 2026
Cache sync 21 at Mon Apr 27 13:19:31 UTC 2026
Cache sync 22 at Mon Apr 27 13:19:31 UTC 2026
Cache sync 23 at Mon Apr 27 13:19:31 UTC 2026
Cache sync 24 at Mon Apr 27 13:19:31 UTC 2026
Cache sync 25 at Mon Apr 27 13:19:31 UTC 2026
Cache sync 26 at Mon Apr 27 13:19:31 UTC 2026
Cache sync 27 at Mon Apr 27 13:19:31 UTC 2026
Cache sync 28 at Mon Apr 27 13:19:31 UTC 2026
Cache sync 29 at Mon Apr 27 13:19:31 UTC 2026
Cache sync 30 at Mon Apr 27 13:19:31 UTC 2026
Cache sync 31 at Mon Apr 27 13:19:31 UTC 2026
Cache sync 32 at Mon Apr 27 13:19:31 UTC 2026
Cache sync 33 at Mon Apr 27 13:19:31 UTC 2026
Cache sync 34 at Mon Apr 27 13:19:31 UTC 2026
Cache sync 35 at Mon Apr 27 13:19:31 UTC 2026
Cache sync 36 at Mon Apr 27 13:19:31 UTC 2026
Cache sync 37 at Mon Apr 27 13:19:31 UTC 2026
Cache sync 38 at Mon Apr 27 13:19:31 UTC 2026
Cache sync 39 at Mon Apr 27 13:19:31 UTC 2026
Cache sync 40 at Mon Apr 27 13:19:31 UTC 2026
Cache sync 41 at Mon Apr 27 13:19:31 UTC 2026
Cache sync 42 at Mon Apr 27 13:19:31 UTC 2026
Cache sync 43 at Mon Apr 27 13:19:31 UTC 2026
Cache sync 44 at Mon Apr 27 13:19:31 UTC 2026
Cache sync 45 at Mon Apr 27 13:19:31 UTC 2026
Cache sync 46 at Mon Apr 27 13:19:31 UTC 2026
Cache sync 1 at Mon Apr 27 19:05:06 UTC 2026
Cache sync 2 at Mon Apr 27 19:05:06 UTC 2026
Cache sync 3 at Mon Apr 27 19:05:06 UTC 2026
Cache sync 4 at Mon Apr 27 19:05:06 UTC 2026
Cache sync 5 at Mon Apr 27 19:05:06 UTC 2026
Cache sync 6 at Mon Apr 27 19:05:06 UTC 2026
Cache sync 7 at Mon Apr 27 19:05:06 UTC 2026
Cache sync 8 at Mon Apr 27 19:05:06 UTC 2026
Cache sync 9 at Mon Apr 27 19:05:06 UTC 2026
Cache sync 10 at Mon Apr 27 19:05:06 UTC 2026
Cache sync 11 at Mon Apr 27 19:05:06 UTC 2026
Cache sync 12 at Mon Apr 27 19:05:06 UTC 2026
Cache sync 13 at Mon Apr 27 19:05:06 UTC 2026
Cache sync 14 at Mon Apr 27 19:05:06 UTC 2026
Cache sync 15 at Mon Apr 27 19:05:06 UTC 2026
Cache sync 16 at Mon Apr 27 19:05:06 UTC 2026
Cache sync 17 at Mon Apr 27 19:05:06 UTC 2026
Cache sync 18 at Mon Apr 27 19:05:06 UTC 2026
Cache sync 19 at Mon Apr 27 19:05:06 UTC 2026
Cache sync 20 at Mon Apr 27 19:05:06 UTC 2026
Cache sync 21 at Mon Apr 27 19:05:06 UTC 2026
Cache sync 22 at Mon Apr 27 19:05:06 UTC 2026
Cache sync 23 at Mon Apr 27 19:05:06 UTC 2026
Cache sync 24 at Mon Apr 27 19:05:06 UTC 2026
Cache sync 25 at Mon Apr 27 19:05:06 UTC 2026
Cache sync 26 at Mon Apr 27 19:05:06 UTC 2026
Cache sync 27 at Mon Apr 27 19:05:06 UTC 2026
Cache sync 28 at Mon Apr 27 19:05:06 UTC 2026
Cache sync 29 at Mon Apr 27 19:05:06 UTC 2026
Cache sync 30 at Mon Apr 27 19:05:06 UTC 2026
Cache sync 31 at Mon Apr 27 19:05:06 UTC 2026
Cache sync 32 at Mon Apr 27 19:05:06 UTC 2026
Cache sync 33 at Mon Apr 27 19:05:06 UTC 2026
Cache sync 34 at Mon Apr 27 19:05:06 UTC 2026
Cache sync 35 at Mon Apr 27 19:05:06 UTC 2026
Cache sync 36 at Mon Apr 27 19:05:06 UTC 2026
Cache sync 37 at Mon Apr 27 19:05:06 UTC 2026
Cache sync 38 at Mon Apr 27 19:05:06 UTC 2026
Cache sync 39 at Mon Apr 27 19:05:06 UTC 2026
Cache sync 40 at Mon Apr 27 19:05:06 UTC 2026
Cache sync 41 at Mon Apr 27 19:05:06 UTC 2026
Cache sync 42 at Mon Apr 27 19:05:06 UTC 2026
Cache sync 43 at Mon Apr 27 19:05:06 UTC 2026
Cache sync 1 at Tue Apr 28 02:03:12 UTC 2026
Cache sync 2 at Tue Apr 28 02:03:12 UTC 2026
Cache sync 3 at Tue Apr 28 02:03:12 UTC 2026
Cache sync 4 at Tue Apr 28 02:03:12 UTC 2026
Cache sync 5 at Tue Apr 28 02:03:12 UTC 2026
Cache sync 6 at Tue Apr 28 02:03:12 UTC 2026
Cache sync 7 at Tue Apr 28 02:03:12 UTC 2026
Cache sync 8 at Tue Apr 28 02:03:12 UTC 2026
Cache sync 9 at Tue Apr 28 02:03:12 UTC 2026
Cache sync 10 at Tue Apr 28 02:03:12 UTC 2026
Cache sync 11 at Tue Apr 28 02:03:12 UTC 2026
Cache sync 12 at Tue Apr 28 02:03:12 UTC 2026
Cache sync 13 at Tue Apr 28 02:03:12 UTC 2026
Cache sync 14 at Tue Apr 28 02:03:12 UTC 2026
Cache sync 15 at Tue Apr 28 02:03:12 UTC 2026
Cache sync 16 at Tue Apr 28 02:03:12 UTC 2026
Cache sync 17 at Tue Apr 28 02:03:12 UTC 2026
Cache sync 18 at Tue Apr 28 02:03:12 UTC 2026
Cache sync 19 at Tue Apr 28 02:03:12 UTC 2026
Cache sync 20 at Tue Apr 28 02:03:12 UTC 2026
Cache sync 21 at Tue Apr 28 02:03:12 UTC 2026
Cache sync 22 at Tue Apr 28 02:03:12 UTC 2026
Cache sync 23 at Tue Apr 28 02:03:12 UTC 2026
Cache sync 1 at Tue Apr 28 08:08:37 UTC 2026
Cache sync 2 at Tue Apr 28 08:08:37 UTC 2026
Cache sync 3 at Tue Apr 28 08:08:37 UTC 2026
Cache sync 4 at Tue Apr 28 08:08:37 UTC 2026
Cache sync 5 at Tue Apr 28 08:08:37 UTC 2026
Cache sync 6 at Tue Apr 28 08:08:37 UTC 2026
Cache sync 7 at Tue Apr 28 08:08:37 UTC 2026
Cache sync 8 at Tue Apr 28 08:08:37 UTC 2026
Cache sync 9 at Tue Apr 28 08:08:37 UTC 2026
Cache sync 10 at Tue Apr 28 08:08:37 UTC 2026
Cache sync 11 at Tue Apr 28 08:08:37 UTC 2026
Cache sync 12 at Tue Apr 28 08:08:37 UTC 2026
Cache sync 13 at Tue Apr 28 08:08:37 UTC 2026
Cache sync 14 at Tue Apr 28 08:08:37 UTC 2026
Cache sync 15 at Tue Apr 28 08:08:37 UTC 2026
Cache sync 16 at Tue Apr 28 08:08:37 UTC 2026
Cache sync 17 at Tue Apr 28 08:08:37 UTC 2026
Cache sync 18 at Tue Apr 28 08:08:38 UTC 2026
Cache sync 19 at Tue Apr 28 08:08:38 UTC 2026
Cache sync 20 at Tue Apr 28 08:08:38 UTC 2026
Cache sync 21 at Tue Apr 28 08:08:38 UTC 2026
Cache sync 22 at Tue Apr 28 08:08:38 UTC 2026
Cache sync 23 at Tue Apr 28 08:08:38 UTC 2026
Cache sync 24 at Tue Apr 28 08:08:38 UTC 2026
Cache sync 25 at Tue Apr 28 08:08:38 UTC 2026
Cache sync 26 at Tue Apr 28 08:08:38 UTC 2026
Cache sync 27 at Tue Apr 28 08:08:38 UTC 2026
Cache sync 28 at Tue Apr 28 08:08:38 UTC 2026
Cache sync 29 at Tue Apr 28 08:08:38 UTC 2026
Cache sync 30 at Tue Apr 28 08:08:38 UTC 2026
Cache sync 31 at Tue Apr 28 08:08:38 UTC 2026
Cache sync 32 at Tue Apr 28 08:08:38 UTC 2026
Cache sync 33 at Tue Apr 28 08:08:38 UTC 2026
Cache sync 34 at Tue Apr 28 08:08:38 UTC 2026
Cache sync 35 at Tue Apr 28 08:08:38 UTC 2026
Cache sync 36 at Tue Apr 28 08:08:38 UTC 2026
Cache sync 37 at Tue Apr 28 08:08:38 UTC 2026
Cache sync 38 at Tue Apr 28 08:08:38 UTC 2026
Cache sync 39 at Tue Apr 28 08:08:38 UTC 2026
Cache sync 40 at Tue Apr 28 08:08:38 UTC 2026
Cache sync 41 at Tue Apr 28 08:08:38 UTC 2026
Cache sync 42 at Tue Apr 28 08:08:38 UTC 2026
Cache sync 43 at Tue Apr 28 08:08:38 UTC 2026
Cache sync 44 at Tue Apr 28 08:08:38 UTC 2026
Cache sync 45 at Tue Apr 28 08:08:38 UTC 2026
Cache sync 46 at Tue Apr 28 08:08:38 UTC 2026
Cache sync 47 at Tue Apr 28 08:08:38 UTC 2026
Cache sync 48 at Tue Apr 28 08:08:38 UTC 2026
Cache sync 49 at Tue Apr 28 08:08:38 UTC 2026
Cache sync 50 at Tue Apr 28 08:08:38 UTC 2026
Cache sync 51 at Tue Apr 28 08:08:38 UTC 2026
Cache sync 52 at Tue Apr 28 08:08:38 UTC 2026
Cache sync 53 at Tue Apr 28 08:08:38 UTC 2026
Cache sync 54 at Tue Apr 28 08:08:38 UTC 2026
Cache sync 55 at Tue Apr 28 08:08:38 UTC 2026
Cache sync 56 at Tue Apr 28 08:08:38 UTC 2026
Cache sync 57 at Tue Apr 28 08:08:38 UTC 2026
Cache sync 58 at Tue Apr 28 08:08:38 UTC 2026
Cache sync 59 at Tue Apr 28 08:08:38 UTC 2026
Cache sync 60 at Tue Apr 28 08:08:38 UTC 2026
Cache sync 61 at Tue Apr 28 08:08:38 UTC 2026
Cache sync 62 at Tue Apr 28 08:08:38 UTC 2026
Cache sync 63 at Tue Apr 28 08:08:38 UTC 2026
Cache sync 64 at Tue Apr 28 08:08:38 UTC 2026
Cache sync 65 at Tue Apr 28 08:08:38 UTC 2026
Cache sync 66 at Tue Apr 28 08:08:38 UTC 2026
Cache sync 67 at Tue Apr 28 08:08:38 UTC 2026
Cache sync 68 at Tue Apr 28 08:08:38 UTC 2026
Cache sync 69 at Tue Apr 28 08:08:38 UTC 2026
Cache sync 70 at Tue Apr 28 08:08:38 UTC 2026
Cache sync 71 at Tue Apr 28 08:08:38 UTC 2026
Cache sync 72 at Tue Apr 28 08:08:38 UTC 2026
Cache sync 73 at Tue Apr 28 08:08:38 UTC 2026
Cache sync 74 at Tue Apr 28 08:08:38 UTC 2026
Cache sync 75 at Tue Apr 28 08:08:38 UTC 2026
Cache sync 76 at Tue Apr 28 08:08:38 UTC 2026
Cache sync 77 at Tue Apr 28 08:08:38 UTC 2026
Cache sync 78 at Tue Apr 28 08:08:38 UTC 2026
Cache sync 79 at Tue Apr 28 08:08:38 UTC 2026
Cache sync 80 at Tue Apr 28 08:08:38 UTC 2026
Cache sync 1 at Tue Apr 28 13:30:16 UTC 2026
Cache sync 2 at Tue Apr 28 13:30:16 UTC 2026
Cache sync 3 at Tue Apr 28 13:30:16 UTC 2026
Cache sync 4 at Tue Apr 28 13:30:16 UTC 2026
Cache sync 5 at Tue Apr 28 13:30:16 UTC 2026
Cache sync 6 at Tue Apr 28 13:30:16 UTC 2026
Cache sync 7 at Tue Apr 28 13:30:16 UTC 2026
Cache sync 8 at Tue Apr 28 13:30:16 UTC 2026
Cache sync 9 at Tue Apr 28 13:30:16 UTC 2026
Cache sync 10 at Tue Apr 28 13:30:16 UTC 2026
Cache sync 11 at Tue Apr 28 13:30:16 UTC 2026
Cache sync 12 at Tue Apr 28 13:30:16 UTC 2026
Cache sync 13 at Tue Apr 28 13:30:16 UTC 2026
Cache sync 14 at Tue Apr 28 13:30:16 UTC 2026
Cache sync 15 at Tue Apr 28 13:30:16 UTC 2026
Cache sync 16 at Tue Apr 28 13:30:16 UTC 2026
Cache sync 17 at Tue Apr 28 13:30:16 UTC 2026
Cache sync 18 at Tue Apr 28 13:30:16 UTC 2026
Cache sync 19 at Tue Apr 28 13:30:16 UTC 2026
Cache sync 20 at Tue Apr 28 13:30:16 UTC 2026
Cache sync 21 at Tue Apr 28 13:30:16 UTC 2026
Cache sync 22 at Tue Apr 28 13:30:16 UTC 2026
Cache sync 23 at Tue Apr 28 13:30:16 UTC 2026
Cache sync 24 at Tue Apr 28 13:30:16 UTC 2026
Cache sync 25 at Tue Apr 28 13:30:16 UTC 2026
Cache sync 26 at Tue Apr 28 13:30:16 UTC 2026
Cache sync 27 at Tue Apr 28 13:30:16 UTC 2026
Cache sync 28 at Tue Apr 28 13:30:16 UTC 2026
Cache sync 29 at Tue Apr 28 13:30:16 UTC 2026
Cache sync 30 at Tue Apr 28 13:30:16 UTC 2026
Cache sync 31 at Tue Apr 28 13:30:16 UTC 2026
Cache sync 32 at Tue Apr 28 13:30:16 UTC 2026
Cache sync 33 at Tue Apr 28 13:30:16 UTC 2026
Cache sync 34 at Tue Apr 28 13:30:16 UTC 2026
Cache sync 35 at Tue Apr 28 13:30:16 UTC 2026
Cache sync 36 at Tue Apr 28 13:30:16 UTC 2026
Cache sync 37 at Tue Apr 28 13:30:16 UTC 2026
Cache sync 38 at Tue Apr 28 13:30:16 UTC 2026
Cache sync 39 at Tue Apr 28 13:30:16 UTC 2026
Cache sync 40 at Tue Apr 28 13:30:16 UTC 2026
Cache sync 41 at Tue Apr 28 13:30:16 UTC 2026
Cache sync 42 at Tue Apr 28 13:30:16 UTC 2026
Cache sync 43 at Tue Apr 28 13:30:16 UTC 2026
Cache sync 44 at Tue Apr 28 13:30:16 UTC 2026
Cache sync 45 at Tue Apr 28 13:30:16 UTC 2026
Cache sync 46 at Tue Apr 28 13:30:16 UTC 2026
Cache sync 47 at Tue Apr 28 13:30:16 UTC 2026
Cache sync 48 at Tue Apr 28 13:30:16 UTC 2026
Cache sync 49 at Tue Apr 28 13:30:16 UTC 2026
Cache sync 50 at Tue Apr 28 13:30:17 UTC 2026
Cache sync 51 at Tue Apr 28 13:30:17 UTC 2026
Cache sync 52 at Tue Apr 28 13:30:17 UTC 2026
Cache sync 53 at Tue Apr 28 13:30:17 UTC 2026
Cache sync 54 at Tue Apr 28 13:30:17 UTC 2026
Cache sync 55 at Tue Apr 28 13:30:17 UTC 2026
Cache sync 56 at Tue Apr 28 13:30:17 UTC 2026
Cache sync 57 at Tue Apr 28 13:30:17 UTC 2026
Cache sync 58 at Tue Apr 28 13:30:17 UTC 2026
Cache sync 59 at Tue Apr 28 13:30:17 UTC 2026
Cache sync 60 at Tue Apr 28 13:30:17 UTC 2026
Cache sync 61 at Tue Apr 28 13:30:17 UTC 2026
Cache sync 62 at Tue Apr 28 13:30:17 UTC 2026
Cache sync 63 at Tue Apr 28 13:30:17 UTC 2026
Cache sync 64 at Tue Apr 28 13:30:17 UTC 2026
Cache sync 65 at Tue Apr 28 13:30:17 UTC 2026
Cache sync 66 at Tue Apr 28 13:30:17 UTC 2026
Cache sync 67 at Tue Apr 28 13:30:17 UTC 2026
Cache sync 68 at Tue Apr 28 13:30:17 UTC 2026
Cache sync 69 at Tue Apr 28 13:30:17 UTC 2026
Cache sync 70 at Tue Apr 28 13:30:17 UTC 2026
Cache sync 71 at Tue Apr 28 13:30:17 UTC 2026
Cache sync 1 at Tue Apr 28 19:21:04 UTC 2026
Cache sync 2 at Tue Apr 28 19:21:04 UTC 2026
Cache sync 3 at Tue Apr 28 19:21:04 UTC 2026
Cache sync 4 at Tue Apr 28 19:21:04 UTC 2026
Cache sync 5 at Tue Apr 28 19:21:04 UTC 2026
Cache sync 6 at Tue Apr 28 19:21:04 UTC 2026
Cache sync 7 at Tue Apr 28 19:21:04 UTC 2026
Cache sync 8 at Tue Apr 28 19:21:04 UTC 2026
Cache sync 9 at Tue Apr 28 19:21:04 UTC 2026
Cache sync 10 at Tue Apr 28 19:21:04 UTC 2026
Cache sync 11 at Tue Apr 28 19:21:04 UTC 2026
Cache sync 1 at Wed Apr 29 02:04:36 UTC 2026
Cache sync 2 at Wed Apr 29 02:04:36 UTC 2026
Cache sync 3 at Wed Apr 29 02:04:36 UTC 2026
Cache sync 4 at Wed Apr 29 02:04:36 UTC 2026
Cache sync 5 at Wed Apr 29 02:04:36 UTC 2026
Cache sync 6 at Wed Apr 29 02:04:36 UTC 2026
Cache sync 7 at Wed Apr 29 02:04:36 UTC 2026
Cache sync 8 at Wed Apr 29 02:04:36 UTC 2026
Cache sync 9 at Wed Apr 29 02:04:36 UTC 2026
Cache sync 10 at Wed Apr 29 02:04:37 UTC 2026
Cache sync 11 at Wed Apr 29 02:04:37 UTC 2026
Cache sync 12 at Wed Apr 29 02:04:37 UTC 2026
Cache sync 13 at Wed Apr 29 02:04:37 UTC 2026
Cache sync 14 at Wed Apr 29 02:04:37 UTC 2026
Cache sync 15 at Wed Apr 29 02:04:37 UTC 2026
Cache sync 16 at Wed Apr 29 02:04:37 UTC 2026
Cache sync 17 at Wed Apr 29 02:04:37 UTC 2026
Cache sync 18 at Wed Apr 29 02:04:37 UTC 2026
Cache sync 19 at Wed Apr 29 02:04:37 UTC 2026
Cache sync 20 at Wed Apr 29 02:04:37 UTC 2026
Cache sync 21 at Wed Apr 29 02:04:37 UTC 2026
Cache sync 22 at Wed Apr 29 02:04:37 UTC 2026
Cache sync 23 at Wed Apr 29 02:04:37 UTC 2026
Cache sync 24 at Wed Apr 29 02:04:37 UTC 2026
Cache sync 25 at Wed Apr 29 02:04:37 UTC 2026
Cache sync 26 at Wed Apr 29 02:04:37 UTC 2026
Cache sync 27 at Wed Apr 29 02:04:37 UTC 2026
Cache sync 28 at Wed Apr 29 02:04:37 UTC 2026
Cache sync 29 at Wed Apr 29 02:04:37 UTC 2026
Cache sync 30 at Wed Apr 29 02:04:37 UTC 2026
Cache sync 31 at Wed Apr 29 02:04:37 UTC 2026
Cache sync 32 at Wed Apr 29 02:04:37 UTC 2026
Cache sync 33 at Wed Apr 29 02:04:37 UTC 2026
Cache sync 34 at Wed Apr 29 02:04:37 UTC 2026
Cache sync 35 at Wed Apr 29 02:04:37 UTC 2026
Cache sync 36 at Wed Apr 29 02:04:37 UTC 2026
Cache sync 37 at Wed Apr 29 02:04:37 UTC 2026
Cache sync 38 at Wed Apr 29 02:04:37 UTC 2026
Cache sync 39 at Wed Apr 29 02:04:37 UTC 2026
Cache sync 40 at Wed Apr 29 02:04:37 UTC 2026
Cache sync 41 at Wed Apr 29 02:04:37 UTC 2026
Cache sync 42 at Wed Apr 29 02:04:37 UTC 2026
Cache sync 43 at Wed Apr 29 02:04:37 UTC 2026
Cache sync 44 at Wed Apr 29 02:04:37 UTC 2026
Cache sync 45 at Wed Apr 29 02:04:37 UTC 2026
Cache sync 46 at Wed Apr 29 02:04:37 UTC 2026
Cache sync 47 at Wed Apr 29 02:04:37 UTC 2026
Cache sync 48 at Wed Apr 29 02:04:37 UTC 2026
Cache sync 49 at Wed Apr 29 02:04:37 UTC 2026
Cache sync 50 at Wed Apr 29 02:04:37 UTC 2026
Cache sync 51 at Wed Apr 29 02:04:37 UTC 2026
Cache sync 52 at Wed Apr 29 02:04:37 UTC 2026
Cache sync 53 at Wed Apr 29 02:04:37 UTC 2026
Cache sync 54 at Wed Apr 29 02:04:37 UTC 2026
Cache sync 55 at Wed Apr 29 02:04:37 UTC 2026
Cache sync 56 at Wed Apr 29 02:04:37 UTC 2026
Cache sync 1 at Wed Apr 29 08:01:39 UTC 2026
Cache sync 2 at Wed Apr 29 08:01:39 UTC 2026
Cache sync 3 at Wed Apr 29 08:01:39 UTC 2026
Cache sync 4 at Wed Apr 29 08:01:39 UTC 2026
Cache sync 5 at Wed Apr 29 08:01:39 UTC 2026
Cache sync 6 at Wed Apr 29 08:01:39 UTC 2026
Cache sync 7 at Wed Apr 29 08:01:39 UTC 2026
Cache sync 8 at Wed Apr 29 08:01:39 UTC 2026
Cache sync 9 at Wed Apr 29 08:01:39 UTC 2026
Cache sync 10 at Wed Apr 29 08:01:40 UTC 2026
Cache sync 11 at Wed Apr 29 08:01:40 UTC 2026
Cache sync 12 at Wed Apr 29 08:01:40 UTC 2026
Cache sync 13 at Wed Apr 29 08:01:40 UTC 2026
Cache sync 14 at Wed Apr 29 08:01:40 UTC 2026
Cache sync 15 at Wed Apr 29 08:01:40 UTC 2026
Cache sync 16 at Wed Apr 29 08:01:40 UTC 2026
Cache sync 17 at Wed Apr 29 08:01:40 UTC 2026
Cache sync 18 at Wed Apr 29 08:01:40 UTC 2026
Cache sync 19 at Wed Apr 29 08:01:40 UTC 2026
Cache sync 20 at Wed Apr 29 08:01:40 UTC 2026
Cache sync 21 at Wed Apr 29 08:01:40 UTC 2026
Cache sync 22 at Wed Apr 29 08:01:40 UTC 2026
Cache sync 23 at Wed Apr 29 08:01:40 UTC 2026
Cache sync 24 at Wed Apr 29 08:01:40 UTC 2026
Cache sync 25 at Wed Apr 29 08:01:40 UTC 2026
Cache sync 26 at Wed Apr 29 08:01:40 UTC 2026
Cache sync 27 at Wed Apr 29 08:01:40 UTC 2026
Cache sync 28 at Wed Apr 29 08:01:40 UTC 2026
Cache sync 29 at Wed Apr 29 08:01:40 UTC 2026
Cache sync 30 at Wed Apr 29 08:01:40 UTC 2026
Cache sync 31 at Wed Apr 29 08:01:40 UTC 2026
Cache sync 32 at Wed Apr 29 08:01:40 UTC 2026
Cache sync 33 at Wed Apr 29 08:01:40 UTC 2026
Cache sync 34 at Wed Apr 29 08:01:40 UTC 2026
Cache sync 35 at Wed Apr 29 08:01:40 UTC 2026
Cache sync 36 at Wed Apr 29 08:01:40 UTC 2026
Cache sync 37 at Wed Apr 29 08:01:40 UTC 2026
Cache sync 38 at Wed Apr 29 08:01:40 UTC 2026
Cache sync 39 at Wed Apr 29 08:01:40 UTC 2026
Cache sync 40 at Wed Apr 29 08:01:40 UTC 2026
Cache sync 41 at Wed Apr 29 08:01:40 UTC 2026
Cache sync 42 at Wed Apr 29 08:01:40 UTC 2026
Cache sync 43 at Wed Apr 29 08:01:40 UTC 2026
Cache sync 44 at Wed Apr 29 08:01:40 UTC 2026
Cache sync 45 at Wed Apr 29 08:01:40 UTC 2026
Cache sync 46 at Wed Apr 29 08:01:40 UTC 2026
Cache sync 47 at Wed Apr 29 08:01:40 UTC 2026
Cache sync 48 at Wed Apr 29 08:01:40 UTC 2026
Cache sync 49 at Wed Apr 29 08:01:40 UTC 2026
Cache sync 50 at Wed Apr 29 08:01:40 UTC 2026
Cache sync 51 at Wed Apr 29 08:01:40 UTC 2026
Cache sync 52 at Wed Apr 29 08:01:40 UTC 2026
Cache sync 53 at Wed Apr 29 08:01:40 UTC 2026
Cache sync 54 at Wed Apr 29 08:01:40 UTC 2026
Cache sync 55 at Wed Apr 29 08:01:40 UTC 2026
Cache sync 56 at Wed Apr 29 08:01:40 UTC 2026
Cache sync 57 at Wed Apr 29 08:01:40 UTC 2026
Cache sync 58 at Wed Apr 29 08:01:40 UTC 2026
Cache sync 59 at Wed Apr 29 08:01:40 UTC 2026
Cache sync 60 at Wed Apr 29 08:01:40 UTC 2026
Cache sync 61 at Wed Apr 29 08:01:40 UTC 2026
Cache sync 62 at Wed Apr 29 08:01:40 UTC 2026
Cache sync 63 at Wed Apr 29 08:01:40 UTC 2026
Cache sync 64 at Wed Apr 29 08:01:40 UTC 2026
Cache sync 65 at Wed Apr 29 08:01:40 UTC 2026
Cache sync 66 at Wed Apr 29 08:01:40 UTC 2026
Cache sync 67 at Wed Apr 29 08:01:40 UTC 2026
Cache sync 68 at Wed Apr 29 08:01:40 UTC 2026
Cache sync 69 at Wed Apr 29 08:01:40 UTC 2026
Cache sync 70 at Wed Apr 29 08:01:40 UTC 2026
Cache sync 71 at Wed Apr 29 08:01:40 UTC 2026
Cache sync 72 at Wed Apr 29 08:01:40 UTC 2026
Cache sync 73 at Wed Apr 29 08:01:40 UTC 2026
Cache sync 74 at Wed Apr 29 08:01:40 UTC 2026
Cache sync 75 at Wed Apr 29 08:01:40 UTC 2026
Cache sync 76 at Wed Apr 29 08:01:40 UTC 2026
Cache sync 1 at Wed Apr 29 13:25:07 UTC 2026
Cache sync 2 at Wed Apr 29 13:25:07 UTC 2026
Cache sync 3 at Wed Apr 29 13:25:07 UTC 2026
Cache sync 4 at Wed Apr 29 13:25:07 UTC 2026
Cache sync 5 at Wed Apr 29 13:25:07 UTC 2026
Cache sync 6 at Wed Apr 29 13:25:07 UTC 2026
Cache sync 7 at Wed Apr 29 13:25:07 UTC 2026
Cache sync 8 at Wed Apr 29 13:25:07 UTC 2026
Cache sync 9 at Wed Apr 29 13:25:07 UTC 2026
Cache sync 10 at Wed Apr 29 13:25:07 UTC 2026
Cache sync 11 at Wed Apr 29 13:25:07 UTC 2026
Cache sync 12 at Wed Apr 29 13:25:07 UTC 2026
Cache sync 1 at Wed Apr 29 19:10:18 UTC 2026
Cache sync 2 at Wed Apr 29 19:10:18 UTC 2026
Cache sync 3 at Wed Apr 29 19:10:18 UTC 2026
Cache sync 4 at Wed Apr 29 19:10:18 UTC 2026
Cache sync 5 at Wed Apr 29 19:10:18 UTC 2026
Cache sync 6 at Wed Apr 29 19:10:18 UTC 2026
Cache sync 7 at Wed Apr 29 19:10:18 UTC 2026
Cache sync 8 at Wed Apr 29 19:10:18 UTC 2026
Cache sync 9 at Wed Apr 29 19:10:19 UTC 2026
Cache sync 10 at Wed Apr 29 19:10:19 UTC 2026
Cache sync 11 at Wed Apr 29 19:10:19 UTC 2026
Cache sync 12 at Wed Apr 29 19:10:19 UTC 2026
Cache sync 13 at Wed Apr 29 19:10:19 UTC 2026
Cache sync 14 at Wed Apr 29 19:10:19 UTC 2026
Cache sync 15 at Wed Apr 29 19:10:19 UTC 2026
Cache sync 16 at Wed Apr 29 19:10:19 UTC 2026
Cache sync 17 at Wed Apr 29 19:10:19 UTC 2026
Cache sync 18 at Wed Apr 29 19:10:19 UTC 2026
Cache sync 19 at Wed Apr 29 19:10:19 UTC 2026
Cache sync 20 at Wed Apr 29 19:10:19 UTC 2026
Cache sync 21 at Wed Apr 29 19:10:19 UTC 2026
Cache sync 22 at Wed Apr 29 19:10:19 UTC 2026
Cache sync 23 at Wed Apr 29 19:10:19 UTC 2026
Cache sync 24 at Wed Apr 29 19:10:19 UTC 2026
Cache sync 25 at Wed Apr 29 19:10:19 UTC 2026
Cache sync 26 at Wed Apr 29 19:10:19 UTC 2026
Cache sync 27 at Wed Apr 29 19:10:19 UTC 2026
Cache sync 28 at Wed Apr 29 19:10:19 UTC 2026
Cache sync 29 at Wed Apr 29 19:10:19 UTC 2026
Cache sync 30 at Wed Apr 29 19:10:19 UTC 2026
Cache sync 31 at Wed Apr 29 19:10:19 UTC 2026
Cache sync 32 at Wed Apr 29 19:10:19 UTC 2026
Cache sync 33 at Wed Apr 29 19:10:19 UTC 2026
Cache sync 34 at Wed Apr 29 19:10:19 UTC 2026
Cache sync 35 at Wed Apr 29 19:10:19 UTC 2026
Cache sync 36 at Wed Apr 29 19:10:19 UTC 2026
Cache sync 37 at Wed Apr 29 19:10:19 UTC 2026
Cache sync 38 at Wed Apr 29 19:10:19 UTC 2026
Cache sync 39 at Wed Apr 29 19:10:19 UTC 2026
Cache sync 40 at Wed Apr 29 19:10:19 UTC 2026
Cache sync 41 at Wed Apr 29 19:10:19 UTC 2026
Cache sync 42 at Wed Apr 29 19:10:19 UTC 2026
Cache sync 43 at Wed Apr 29 19:10:19 UTC 2026
Cache sync 44 at Wed Apr 29 19:10:19 UTC 2026
Cache sync 45 at Wed Apr 29 19:10:19 UTC 2026
Cache sync 46 at Wed Apr 29 19:10:19 UTC 2026
Cache sync 47 at Wed Apr 29 19:10:19 UTC 2026
Cache sync 48 at Wed Apr 29 19:10:19 UTC 2026
Cache sync 49 at Wed Apr 29 19:10:19 UTC 2026
Cache sync 50 at Wed Apr 29 19:10:19 UTC 2026
Cache sync 51 at Wed Apr 29 19:10:19 UTC 2026
Cache sync 52 at Wed Apr 29 19:10:19 UTC 2026
Cache sync 53 at Wed Apr 29 19:10:19 UTC 2026
Cache sync 54 at Wed Apr 29 19:10:19 UTC 2026
Cache sync 1 at Thu Apr 30 02:04:38 UTC 2026
Cache sync 2 at Thu Apr 30 02:04:38 UTC 2026
Cache sync 3 at Thu Apr 30 02:04:38 UTC 2026
Cache sync 4 at Thu Apr 30 02:04:38 UTC 2026
Cache sync 5 at Thu Apr 30 02:04:38 UTC 2026
Cache sync 6 at Thu Apr 30 02:04:38 UTC 2026
Cache sync 7 at Thu Apr 30 02:04:38 UTC 2026
Cache sync 8 at Thu Apr 30 02:04:38 UTC 2026
Cache sync 9 at Thu Apr 30 02:04:38 UTC 2026
Cache sync 10 at Thu Apr 30 02:04:38 UTC 2026
Cache sync 11 at Thu Apr 30 02:04:38 UTC 2026
Cache sync 12 at Thu Apr 30 02:04:38 UTC 2026
Cache sync 13 at Thu Apr 30 02:04:38 UTC 2026
Cache sync 14 at Thu Apr 30 02:04:38 UTC 2026
Cache sync 15 at Thu Apr 30 02:04:38 UTC 2026
Cache sync 16 at Thu Apr 30 02:04:38 UTC 2026
Cache sync 17 at Thu Apr 30 02:04:38 UTC 2026
Cache sync 18 at Thu Apr 30 02:04:38 UTC 2026
Cache sync 19 at Thu Apr 30 02:04:38 UTC 2026
Cache sync 20 at Thu Apr 30 02:04:38 UTC 2026
Cache sync 21 at Thu Apr 30 02:04:38 UTC 2026
Cache sync 22 at Thu Apr 30 02:04:38 UTC 2026
Cache sync 23 at Thu Apr 30 02:04:38 UTC 2026
Cache sync 24 at Thu Apr 30 02:04:38 UTC 2026
Cache sync 25 at Thu Apr 30 02:04:38 UTC 2026
Cache sync 26 at Thu Apr 30 02:04:38 UTC 2026
Cache sync 27 at Thu Apr 30 02:04:38 UTC 2026
Cache sync 28 at Thu Apr 30 02:04:38 UTC 2026
Cache sync 29 at Thu Apr 30 02:04:38 UTC 2026
Cache sync 30 at Thu Apr 30 02:04:38 UTC 2026
Cache sync 31 at Thu Apr 30 02:04:38 UTC 2026
Cache sync 32 at Thu Apr 30 02:04:38 UTC 2026
Cache sync 33 at Thu Apr 30 02:04:38 UTC 2026
Cache sync 34 at Thu Apr 30 02:04:38 UTC 2026
Cache sync 35 at Thu Apr 30 02:04:38 UTC 2026
Cache sync 36 at Thu Apr 30 02:04:38 UTC 2026
Cache sync 37 at Thu Apr 30 02:04:38 UTC 2026
Cache sync 38 at Thu Apr 30 02:04:38 UTC 2026
Cache sync 39 at Thu Apr 30 02:04:38 UTC 2026
Cache sync 40 at Thu Apr 30 02:04:38 UTC 2026
Cache sync 41 at Thu Apr 30 02:04:38 UTC 2026
Cache sync 42 at Thu Apr 30 02:04:38 UTC 2026
Cache sync 43 at Thu Apr 30 02:04:38 UTC 2026
Cache sync 44 at Thu Apr 30 02:04:38 UTC 2026
Cache sync 45 at Thu Apr 30 02:04:38 UTC 2026
Cache sync 46 at Thu Apr 30 02:04:38 UTC 2026
Cache sync 47 at Thu Apr 30 02:04:38 UTC 2026
Cache sync 48 at Thu Apr 30 02:04:38 UTC 2026
Cache sync 49 at Thu Apr 30 02:04:38 UTC 2026
Cache sync 50 at Thu Apr 30 02:04:38 UTC 2026
Cache sync 51 at Thu Apr 30 02:04:38 UTC 2026
Cache sync 52 at Thu Apr 30 02:04:38 UTC 2026
Cache sync 53 at Thu Apr 30 02:04:38 UTC 2026
Cache sync 54 at Thu Apr 30 02:04:38 UTC 2026
Cache sync 55 at Thu Apr 30 02:04:38 UTC 2026
Cache sync 56 at Thu Apr 30 02:04:38 UTC 2026
Cache sync 57 at Thu Apr 30 02:04:38 UTC 2026
Cache sync 58 at Thu Apr 30 02:04:38 UTC 2026
Cache sync 59 at Thu Apr 30 02:04:38 UTC 2026
Cache sync 60 at Thu Apr 30 02:04:38 UTC 2026
Cache sync 61 at Thu Apr 30 02:04:38 UTC 2026
Cache sync 62 at Thu Apr 30 02:04:38 UTC 2026
Cache sync 63 at Thu Apr 30 02:04:38 UTC 2026
Cache sync 64 at Thu Apr 30 02:04:38 UTC 2026
Cache sync 65 at Thu Apr 30 02:04:38 UTC 2026
Cache sync 66 at Thu Apr 30 02:04:38 UTC 2026
Cache sync 67 at Thu Apr 30 02:04:38 UTC 2026
Cache sync 68 at Thu Apr 30 02:04:38 UTC 2026
Cache sync 69 at Thu Apr 30 02:04:38 UTC 2026
Cache sync 70 at Thu Apr 30 02:04:38 UTC 2026
Cache sync 71 at Thu Apr 30 02:04:38 UTC 2026
Cache sync 72 at Thu Apr 30 02:04:38 UTC 2026
Cache sync 73 at Thu Apr 30 02:04:39 UTC 2026
Cache sync 74 at Thu Apr 30 02:04:39 UTC 2026
Cache sync 75 at Thu Apr 30 02:04:39 UTC 2026
Cache sync 76 at Thu Apr 30 02:04:39 UTC 2026
Cache sync 77 at Thu Apr 30 02:04:39 UTC 2026
Cache sync 78 at Thu Apr 30 02:04:39 UTC 2026
Cache sync 79 at Thu Apr 30 02:04:39 UTC 2026
Cache sync 80 at Thu Apr 30 02:04:39 UTC 2026
Cache sync 81 at Thu Apr 30 02:04:39 UTC 2026
Cache sync 82 at Thu Apr 30 02:04:39 UTC 2026
Cache sync 83 at Thu Apr 30 02:04:39 UTC 2026
Cache sync 1 at Thu Apr 30 08:05:30 UTC 2026
Cache sync 2 at Thu Apr 30 08:05:30 UTC 2026
Cache sync 3 at Thu Apr 30 08:05:30 UTC 2026
Cache sync 4 at Thu Apr 30 08:05:30 UTC 2026
Cache sync 5 at Thu Apr 30 08:05:30 UTC 2026
Cache sync 6 at Thu Apr 30 08:05:30 UTC 2026
Cache sync 7 at Thu Apr 30 08:05:30 UTC 2026
Cache sync 8 at Thu Apr 30 08:05:30 UTC 2026
Cache sync 9 at Thu Apr 30 08:05:30 UTC 2026
Cache sync 10 at Thu Apr 30 08:05:30 UTC 2026
Cache sync 11 at Thu Apr 30 08:05:30 UTC 2026
Cache sync 12 at Thu Apr 30 08:05:30 UTC 2026
Cache sync 13 at Thu Apr 30 08:05:30 UTC 2026
Cache sync 14 at Thu Apr 30 08:05:30 UTC 2026
Cache sync 15 at Thu Apr 30 08:05:30 UTC 2026
Cache sync 16 at Thu Apr 30 08:05:30 UTC 2026
Cache sync 17 at Thu Apr 30 08:05:30 UTC 2026
Cache sync 18 at Thu Apr 30 08:05:30 UTC 2026
Cache sync 19 at Thu Apr 30 08:05:30 UTC 2026
Cache sync 20 at Thu Apr 30 08:05:30 UTC 2026
Cache sync 21 at Thu Apr 30 08:05:30 UTC 2026
Cache sync 22 at Thu Apr 30 08:05:30 UTC 2026
Cache sync 23 at Thu Apr 30 08:05:30 UTC 2026
Cache sync 24 at Thu Apr 30 08:05:30 UTC 2026
Cache sync 25 at Thu Apr 30 08:05:30 UTC 2026
Cache sync 26 at Thu Apr 30 08:05:30 UTC 2026
Cache sync 27 at Thu Apr 30 08:05:30 UTC 2026
Cache sync 28 at Thu Apr 30 08:05:30 UTC 2026
Cache sync 29 at Thu Apr 30 08:05:30 UTC 2026
Cache sync 30 at Thu Apr 30 08:05:30 UTC 2026
Cache sync 31 at Thu Apr 30 08:05:30 UTC 2026
Cache sync 32 at Thu Apr 30 08:05:30 UTC 2026
Cache sync 33 at Thu Apr 30 08:05:30 UTC 2026
Cache sync 34 at Thu Apr 30 08:05:30 UTC 2026
Cache sync 35 at Thu Apr 30 08:05:30 UTC 2026
Cache sync 36 at Thu Apr 30 08:05:30 UTC 2026
Cache sync 37 at Thu Apr 30 08:05:30 UTC 2026
Cache sync 38 at Thu Apr 30 08:05:30 UTC 2026
Cache sync 39 at Thu Apr 30 08:05:30 UTC 2026
Cache sync 40 at Thu Apr 30 08:05:30 UTC 2026
Cache sync 41 at Thu Apr 30 08:05:30 UTC 2026
Cache sync 42 at Thu Apr 30 08:05:30 UTC 2026
Cache sync 43 at Thu Apr 30 08:05:30 UTC 2026
Cache sync 44 at Thu Apr 30 08:05:30 UTC 2026
Cache sync 45 at Thu Apr 30 08:05:30 UTC 2026
Cache sync 46 at Thu Apr 30 08:05:30 UTC 2026
Cache sync 1 at Thu Apr 30 13:22:17 UTC 2026
Cache sync 2 at Thu Apr 30 13:22:17 UTC 2026
Cache sync 3 at Thu Apr 30 13:22:17 UTC 2026
Cache sync 4 at Thu Apr 30 13:22:17 UTC 2026
Cache sync 5 at Thu Apr 30 13:22:17 UTC 2026
Cache sync 6 at Thu Apr 30 13:22:17 UTC 2026
Cache sync 7 at Thu Apr 30 13:22:17 UTC 2026
Cache sync 8 at Thu Apr 30 13:22:17 UTC 2026
Cache sync 9 at Thu Apr 30 13:22:17 UTC 2026
Cache sync 10 at Thu Apr 30 13:22:17 UTC 2026
Cache sync 11 at Thu Apr 30 13:22:17 UTC 2026
Cache sync 12 at Thu Apr 30 13:22:17 UTC 2026
Cache sync 13 at Thu Apr 30 13:22:17 UTC 2026
Cache sync 14 at Thu Apr 30 13:22:17 UTC 2026
Cache sync 15 at Thu Apr 30 13:22:17 UTC 2026
Cache sync 16 at Thu Apr 30 13:22:17 UTC 2026
Cache sync 17 at Thu Apr 30 13:22:17 UTC 2026
Cache sync 18 at Thu Apr 30 13:22:17 UTC 2026
Cache sync 19 at Thu Apr 30 13:22:17 UTC 2026
Cache sync 20 at Thu Apr 30 13:22:17 UTC 2026
Cache sync 21 at Thu Apr 30 13:22:17 UTC 2026
Cache sync 22 at Thu Apr 30 13:22:17 UTC 2026
Cache sync 23 at Thu Apr 30 13:22:17 UTC 2026
Cache sync 24 at Thu Apr 30 13:22:17 UTC 2026
Cache sync 25 at Thu Apr 30 13:22:17 UTC 2026
Cache sync 26 at Thu Apr 30 13:22:17 UTC 2026
Cache sync 27 at Thu Apr 30 13:22:17 UTC 2026
Cache sync 28 at Thu Apr 30 13:22:17 UTC 2026
Cache sync 29 at Thu Apr 30 13:22:17 UTC 2026
Cache sync 30 at Thu Apr 30 13:22:17 UTC 2026
Cache sync 31 at Thu Apr 30 13:22:17 UTC 2026
Cache sync 32 at Thu Apr 30 13:22:17 UTC 2026
Cache sync 33 at Thu Apr 30 13:22:17 UTC 2026
Cache sync 34 at Thu Apr 30 13:22:17 UTC 2026
Cache sync 1 at Thu Apr 30 19:06:44 UTC 2026
Cache sync 2 at Thu Apr 30 19:06:44 UTC 2026
Cache sync 3 at Thu Apr 30 19:06:44 UTC 2026
Cache sync 4 at Thu Apr 30 19:06:44 UTC 2026
Cache sync 5 at Thu Apr 30 19:06:44 UTC 2026
Cache sync 6 at Thu Apr 30 19:06:44 UTC 2026
Cache sync 7 at Thu Apr 30 19:06:44 UTC 2026
Cache sync 8 at Thu Apr 30 19:06:44 UTC 2026
Cache sync 9 at Thu Apr 30 19:06:44 UTC 2026
Cache sync 10 at Thu Apr 30 19:06:44 UTC 2026
Cache sync 11 at Thu Apr 30 19:06:44 UTC 2026
Cache sync 12 at Thu Apr 30 19:06:44 UTC 2026
Cache sync 13 at Thu Apr 30 19:06:44 UTC 2026
Cache sync 14 at Thu Apr 30 19:06:44 UTC 2026
Cache sync 15 at Thu Apr 30 19:06:44 UTC 2026
Cache sync 16 at Thu Apr 30 19:06:44 UTC 2026
Cache sync 1 at Fri May  1 02:08:42 UTC 2026
Cache sync 2 at Fri May  1 02:08:42 UTC 2026
Cache sync 3 at Fri May  1 02:08:42 UTC 2026
Cache sync 4 at Fri May  1 02:08:42 UTC 2026
Cache sync 5 at Fri May  1 02:08:42 UTC 2026
Cache sync 6 at Fri May  1 02:08:42 UTC 2026
Cache sync 7 at Fri May  1 02:08:42 UTC 2026
Cache sync 8 at Fri May  1 02:08:42 UTC 2026
Cache sync 9 at Fri May  1 02:08:42 UTC 2026
Cache sync 10 at Fri May  1 02:08:42 UTC 2026
Cache sync 11 at Fri May  1 02:08:42 UTC 2026
Cache sync 12 at Fri May  1 02:08:42 UTC 2026
Cache sync 13 at Fri May  1 02:08:42 UTC 2026
Cache sync 14 at Fri May  1 02:08:42 UTC 2026
Cache sync 15 at Fri May  1 02:08:42 UTC 2026
Cache sync 16 at Fri May  1 02:08:42 UTC 2026
Cache sync 17 at Fri May  1 02:08:42 UTC 2026
Cache sync 18 at Fri May  1 02:08:42 UTC 2026
Cache sync 19 at Fri May  1 02:08:42 UTC 2026
Cache sync 20 at Fri May  1 02:08:42 UTC 2026
Cache sync 21 at Fri May  1 02:08:42 UTC 2026
Cache sync 22 at Fri May  1 02:08:42 UTC 2026
Cache sync 23 at Fri May  1 02:08:42 UTC 2026
Cache sync 24 at Fri May  1 02:08:42 UTC 2026
Cache sync 25 at Fri May  1 02:08:42 UTC 2026
Cache sync 26 at Fri May  1 02:08:42 UTC 2026
Cache sync 27 at Fri May  1 02:08:42 UTC 2026
Cache sync 28 at Fri May  1 02:08:42 UTC 2026
Cache sync 29 at Fri May  1 02:08:42 UTC 2026
Cache sync 30 at Fri May  1 02:08:42 UTC 2026
Cache sync 31 at Fri May  1 02:08:42 UTC 2026
Cache sync 32 at Fri May  1 02:08:42 UTC 2026
Cache sync 33 at Fri May  1 02:08:42 UTC 2026
Cache sync 34 at Fri May  1 02:08:42 UTC 2026
Cache sync 35 at Fri May  1 02:08:42 UTC 2026
Cache sync 36 at Fri May  1 02:08:42 UTC 2026
Cache sync 37 at Fri May  1 02:08:42 UTC 2026
Cache sync 1 at Fri May  1 08:02:29 UTC 2026
Cache sync 2 at Fri May  1 08:02:29 UTC 2026
Cache sync 3 at Fri May  1 08:02:29 UTC 2026
Cache sync 4 at Fri May  1 08:02:29 UTC 2026
Cache sync 5 at Fri May  1 08:02:29 UTC 2026
Cache sync 1 at Fri May  1 12:57:34 UTC 2026
Cache sync 2 at Fri May  1 12:57:34 UTC 2026
Cache sync 3 at Fri May  1 12:57:34 UTC 2026
Cache sync 4 at Fri May  1 12:57:34 UTC 2026
Cache sync 5 at Fri May  1 12:57:34 UTC 2026
Cache sync 6 at Fri May  1 12:57:34 UTC 2026
Cache sync 7 at Fri May  1 12:57:34 UTC 2026
Cache sync 8 at Fri May  1 12:57:34 UTC 2026
Cache sync 9 at Fri May  1 12:57:34 UTC 2026
Cache sync 10 at Fri May  1 12:57:34 UTC 2026
Cache sync 11 at Fri May  1 12:57:34 UTC 2026
Cache sync 12 at Fri May  1 12:57:34 UTC 2026
Cache sync 13 at Fri May  1 12:57:34 UTC 2026
Cache sync 14 at Fri May  1 12:57:34 UTC 2026
Cache sync 15 at Fri May  1 12:57:34 UTC 2026
Cache sync 16 at Fri May  1 12:57:34 UTC 2026
Cache sync 17 at Fri May  1 12:57:34 UTC 2026
Cache sync 18 at Fri May  1 12:57:34 UTC 2026
Cache sync 19 at Fri May  1 12:57:34 UTC 2026
Cache sync 20 at Fri May  1 12:57:34 UTC 2026
Cache sync 21 at Fri May  1 12:57:34 UTC 2026
Cache sync 22 at Fri May  1 12:57:34 UTC 2026
Cache sync 23 at Fri May  1 12:57:34 UTC 2026
Cache sync 24 at Fri May  1 12:57:34 UTC 2026
Cache sync 25 at Fri May  1 12:57:34 UTC 2026
Cache sync 26 at Fri May  1 12:57:34 UTC 2026
Cache sync 27 at Fri May  1 12:57:34 UTC 2026
Cache sync 28 at Fri May  1 12:57:34 UTC 2026
Cache sync 29 at Fri May  1 12:57:34 UTC 2026
Cache sync 1 at Fri May  1 18:58:39 UTC 2026
Cache sync 2 at Fri May  1 18:58:39 UTC 2026
Cache sync 3 at Fri May  1 18:58:39 UTC 2026
Cache sync 4 at Fri May  1 18:58:39 UTC 2026
Cache sync 5 at Fri May  1 18:58:39 UTC 2026
Cache sync 6 at Fri May  1 18:58:39 UTC 2026
Cache sync 7 at Fri May  1 18:58:39 UTC 2026
Cache sync 8 at Fri May  1 18:58:39 UTC 2026
Cache sync 9 at Fri May  1 18:58:39 UTC 2026
Cache sync 10 at Fri May  1 18:58:39 UTC 2026
Cache sync 11 at Fri May  1 18:58:39 UTC 2026
Cache sync 12 at Fri May  1 18:58:39 UTC 2026
Cache sync 13 at Fri May  1 18:58:39 UTC 2026
Cache sync 14 at Fri May  1 18:58:39 UTC 2026
Cache sync 15 at Fri May  1 18:58:39 UTC 2026
Cache sync 16 at Fri May  1 18:58:39 UTC 2026
Cache sync 1 at Sat May  2 01:55:43 UTC 2026
Cache sync 2 at Sat May  2 01:55:43 UTC 2026
Cache sync 3 at Sat May  2 01:55:43 UTC 2026
Cache sync 4 at Sat May  2 01:55:43 UTC 2026
Cache sync 5 at Sat May  2 01:55:43 UTC 2026
Cache sync 6 at Sat May  2 01:55:43 UTC 2026
Cache sync 7 at Sat May  2 01:55:43 UTC 2026
Cache sync 8 at Sat May  2 01:55:43 UTC 2026
Cache sync 9 at Sat May  2 01:55:43 UTC 2026
Cache sync 10 at Sat May  2 01:55:43 UTC 2026
Cache sync 11 at Sat May  2 01:55:43 UTC 2026
Cache sync 12 at Sat May  2 01:55:43 UTC 2026
Cache sync 13 at Sat May  2 01:55:43 UTC 2026
Cache sync 1 at Sat May  2 07:19:59 UTC 2026
Cache sync 2 at Sat May  2 07:19:59 UTC 2026
Cache sync 3 at Sat May  2 07:19:59 UTC 2026
Cache sync 4 at Sat May  2 07:19:59 UTC 2026
Cache sync 5 at Sat May  2 07:19:59 UTC 2026
Cache sync 6 at Sat May  2 07:19:59 UTC 2026
Cache sync 7 at Sat May  2 07:19:59 UTC 2026
Cache sync 8 at Sat May  2 07:19:59 UTC 2026
Cache sync 9 at Sat May  2 07:19:59 UTC 2026
Cache sync 10 at Sat May  2 07:19:59 UTC 2026
Cache sync 11 at Sat May  2 07:19:59 UTC 2026
Cache sync 12 at Sat May  2 07:19:59 UTC 2026
Cache sync 13 at Sat May  2 07:19:59 UTC 2026
Cache sync 14 at Sat May  2 07:19:59 UTC 2026
Cache sync 15 at Sat May  2 07:19:59 UTC 2026
Cache sync 16 at Sat May  2 07:19:59 UTC 2026
Cache sync 17 at Sat May  2 07:19:59 UTC 2026
Cache sync 18 at Sat May  2 07:19:59 UTC 2026
Cache sync 19 at Sat May  2 07:19:59 UTC 2026
Cache sync 20 at Sat May  2 07:19:59 UTC 2026
Cache sync 21 at Sat May  2 07:19:59 UTC 2026
Cache sync 22 at Sat May  2 07:19:59 UTC 2026
Cache sync 23 at Sat May  2 07:19:59 UTC 2026
Cache sync 24 at Sat May  2 07:19:59 UTC 2026
Cache sync 25 at Sat May  2 07:19:59 UTC 2026
Cache sync 26 at Sat May  2 07:19:59 UTC 2026
Cache sync 27 at Sat May  2 07:19:59 UTC 2026
Cache sync 28 at Sat May  2 07:19:59 UTC 2026
Cache sync 29 at Sat May  2 07:19:59 UTC 2026
Cache sync 30 at Sat May  2 07:19:59 UTC 2026
Cache sync 31 at Sat May  2 07:19:59 UTC 2026
Cache sync 32 at Sat May  2 07:19:59 UTC 2026
Cache sync 33 at Sat May  2 07:19:59 UTC 2026
Cache sync 34 at Sat May  2 07:19:59 UTC 2026
Cache sync 35 at Sat May  2 07:19:59 UTC 2026
Cache sync 36 at Sat May  2 07:19:59 UTC 2026
Cache sync 37 at Sat May  2 07:19:59 UTC 2026
Cache sync 38 at Sat May  2 07:19:59 UTC 2026
Cache sync 39 at Sat May  2 07:19:59 UTC 2026
Cache sync 40 at Sat May  2 07:19:59 UTC 2026
Cache sync 41 at Sat May  2 07:19:59 UTC 2026
Cache sync 42 at Sat May  2 07:19:59 UTC 2026
Cache sync 43 at Sat May  2 07:19:59 UTC 2026
Cache sync 44 at Sat May  2 07:19:59 UTC 2026
Cache sync 45 at Sat May  2 07:19:59 UTC 2026
Cache sync 1 at Sat May  2 12:48:43 UTC 2026
Cache sync 2 at Sat May  2 12:48:43 UTC 2026
Cache sync 3 at Sat May  2 12:48:43 UTC 2026
Cache sync 4 at Sat May  2 12:48:43 UTC 2026
Cache sync 5 at Sat May  2 12:48:43 UTC 2026
Cache sync 6 at Sat May  2 12:48:43 UTC 2026
Cache sync 7 at Sat May  2 12:48:43 UTC 2026
Cache sync 8 at Sat May  2 12:48:43 UTC 2026
Cache sync 9 at Sat May  2 12:48:43 UTC 2026
Cache sync 10 at Sat May  2 12:48:43 UTC 2026
Cache sync 11 at Sat May  2 12:48:43 UTC 2026
Cache sync 12 at Sat May  2 12:48:43 UTC 2026
Cache sync 13 at Sat May  2 12:48:43 UTC 2026
Cache sync 14 at Sat May  2 12:48:43 UTC 2026
Cache sync 15 at Sat May  2 12:48:43 UTC 2026
Cache sync 16 at Sat May  2 12:48:43 UTC 2026
Cache sync 17 at Sat May  2 12:48:43 UTC 2026
Cache sync 18 at Sat May  2 12:48:43 UTC 2026
Cache sync 19 at Sat May  2 12:48:43 UTC 2026
Cache sync 20 at Sat May  2 12:48:43 UTC 2026
Cache sync 21 at Sat May  2 12:48:43 UTC 2026
Cache sync 22 at Sat May  2 12:48:44 UTC 2026
Cache sync 23 at Sat May  2 12:48:44 UTC 2026
Cache sync 24 at Sat May  2 12:48:44 UTC 2026
Cache sync 25 at Sat May  2 12:48:44 UTC 2026
Cache sync 26 at Sat May  2 12:48:44 UTC 2026
Cache sync 27 at Sat May  2 12:48:44 UTC 2026
Cache sync 28 at Sat May  2 12:48:44 UTC 2026
Cache sync 29 at Sat May  2 12:48:44 UTC 2026
Cache sync 30 at Sat May  2 12:48:44 UTC 2026
Cache sync 31 at Sat May  2 12:48:44 UTC 2026
Cache sync 32 at Sat May  2 12:48:44 UTC 2026
Cache sync 33 at Sat May  2 12:48:44 UTC 2026
Cache sync 34 at Sat May  2 12:48:44 UTC 2026
Cache sync 35 at Sat May  2 12:48:44 UTC 2026
Cache sync 36 at Sat May  2 12:48:44 UTC 2026
Cache sync 37 at Sat May  2 12:48:44 UTC 2026
Cache sync 38 at Sat May  2 12:48:44 UTC 2026
Cache sync 39 at Sat May  2 12:48:44 UTC 2026
Cache sync 40 at Sat May  2 12:48:44 UTC 2026
Cache sync 41 at Sat May  2 12:48:44 UTC 2026
Cache sync 42 at Sat May  2 12:48:44 UTC 2026
Cache sync 43 at Sat May  2 12:48:44 UTC 2026
Cache sync 44 at Sat May  2 12:48:44 UTC 2026
Cache sync 45 at Sat May  2 12:48:44 UTC 2026
Cache sync 46 at Sat May  2 12:48:44 UTC 2026
Cache sync 47 at Sat May  2 12:48:44 UTC 2026
Cache sync 48 at Sat May  2 12:48:44 UTC 2026
Cache sync 49 at Sat May  2 12:48:44 UTC 2026
Cache sync 50 at Sat May  2 12:48:44 UTC 2026
Cache sync 51 at Sat May  2 12:48:44 UTC 2026
Cache sync 52 at Sat May  2 12:48:44 UTC 2026
Cache sync 53 at Sat May  2 12:48:44 UTC 2026
Cache sync 54 at Sat May  2 12:48:44 UTC 2026
Cache sync 55 at Sat May  2 12:48:44 UTC 2026
Cache sync 56 at Sat May  2 12:48:44 UTC 2026
Cache sync 57 at Sat May  2 12:48:44 UTC 2026
Cache sync 58 at Sat May  2 12:48:44 UTC 2026
Cache sync 59 at Sat May  2 12:48:44 UTC 2026
Cache sync 60 at Sat May  2 12:48:44 UTC 2026
Cache sync 61 at Sat May  2 12:48:44 UTC 2026
Cache sync 62 at Sat May  2 12:48:44 UTC 2026
Cache sync 63 at Sat May  2 12:48:44 UTC 2026
Cache sync 64 at Sat May  2 12:48:44 UTC 2026
Cache sync 1 at Sat May  2 18:43:53 UTC 2026
Cache sync 2 at Sat May  2 18:43:53 UTC 2026
Cache sync 3 at Sat May  2 18:43:53 UTC 2026
Cache sync 4 at Sat May  2 18:43:53 UTC 2026
Cache sync 5 at Sat May  2 18:43:53 UTC 2026
Cache sync 6 at Sat May  2 18:43:53 UTC 2026
Cache sync 7 at Sat May  2 18:43:53 UTC 2026
Cache sync 8 at Sat May  2 18:43:53 UTC 2026
Cache sync 9 at Sat May  2 18:43:53 UTC 2026
Cache sync 10 at Sat May  2 18:43:53 UTC 2026
Cache sync 11 at Sat May  2 18:43:53 UTC 2026
Cache sync 12 at Sat May  2 18:43:53 UTC 2026
Cache sync 13 at Sat May  2 18:43:53 UTC 2026
Cache sync 14 at Sat May  2 18:43:53 UTC 2026
Cache sync 15 at Sat May  2 18:43:53 UTC 2026
Cache sync 16 at Sat May  2 18:43:53 UTC 2026
Cache sync 17 at Sat May  2 18:43:53 UTC 2026
Cache sync 18 at Sat May  2 18:43:53 UTC 2026
Cache sync 19 at Sat May  2 18:43:53 UTC 2026
Cache sync 20 at Sat May  2 18:43:53 UTC 2026
Cache sync 21 at Sat May  2 18:43:53 UTC 2026
Cache sync 22 at Sat May  2 18:43:53 UTC 2026
Cache sync 23 at Sat May  2 18:43:53 UTC 2026
Cache sync 24 at Sat May  2 18:43:53 UTC 2026
Cache sync 25 at Sat May  2 18:43:53 UTC 2026
Cache sync 26 at Sat May  2 18:43:53 UTC 2026
Cache sync 27 at Sat May  2 18:43:53 UTC 2026
Cache sync 28 at Sat May  2 18:43:53 UTC 2026
Cache sync 29 at Sat May  2 18:43:53 UTC 2026
Cache sync 30 at Sat May  2 18:43:53 UTC 2026
Cache sync 31 at Sat May  2 18:43:53 UTC 2026
Cache sync 32 at Sat May  2 18:43:53 UTC 2026
Cache sync 33 at Sat May  2 18:43:53 UTC 2026
Cache sync 34 at Sat May  2 18:43:53 UTC 2026
Cache sync 35 at Sat May  2 18:43:53 UTC 2026
Cache sync 36 at Sat May  2 18:43:53 UTC 2026
Cache sync 37 at Sat May  2 18:43:53 UTC 2026
Cache sync 38 at Sat May  2 18:43:53 UTC 2026
Cache sync 39 at Sat May  2 18:43:53 UTC 2026
Cache sync 40 at Sat May  2 18:43:53 UTC 2026
Cache sync 41 at Sat May  2 18:43:53 UTC 2026
Cache sync 42 at Sat May  2 18:43:53 UTC 2026
Cache sync 43 at Sat May  2 18:43:53 UTC 2026
Cache sync 44 at Sat May  2 18:43:53 UTC 2026
Cache sync 45 at Sat May  2 18:43:53 UTC 2026
Cache sync 46 at Sat May  2 18:43:53 UTC 2026
Cache sync 47 at Sat May  2 18:43:53 UTC 2026
Cache sync 48 at Sat May  2 18:43:53 UTC 2026
Cache sync 1 at Sun May  3 01:59:22 UTC 2026
Cache sync 2 at Sun May  3 01:59:22 UTC 2026
Cache sync 3 at Sun May  3 01:59:22 UTC 2026
Cache sync 4 at Sun May  3 01:59:22 UTC 2026
Cache sync 5 at Sun May  3 01:59:22 UTC 2026
Cache sync 6 at Sun May  3 01:59:22 UTC 2026
Cache sync 7 at Sun May  3 01:59:22 UTC 2026
Cache sync 8 at Sun May  3 01:59:22 UTC 2026
Cache sync 9 at Sun May  3 01:59:22 UTC 2026
Cache sync 10 at Sun May  3 01:59:22 UTC 2026
Cache sync 11 at Sun May  3 01:59:22 UTC 2026
Cache sync 12 at Sun May  3 01:59:22 UTC 2026
Cache sync 13 at Sun May  3 01:59:22 UTC 2026
Cache sync 14 at Sun May  3 01:59:22 UTC 2026
Cache sync 15 at Sun May  3 01:59:22 UTC 2026
Cache sync 16 at Sun May  3 01:59:22 UTC 2026
Cache sync 17 at Sun May  3 01:59:22 UTC 2026
Cache sync 18 at Sun May  3 01:59:22 UTC 2026
Cache sync 19 at Sun May  3 01:59:22 UTC 2026
Cache sync 20 at Sun May  3 01:59:22 UTC 2026
Cache sync 21 at Sun May  3 01:59:22 UTC 2026
Cache sync 22 at Sun May  3 01:59:22 UTC 2026
Cache sync 23 at Sun May  3 01:59:22 UTC 2026
Cache sync 24 at Sun May  3 01:59:22 UTC 2026
Cache sync 25 at Sun May  3 01:59:22 UTC 2026
Cache sync 26 at Sun May  3 01:59:22 UTC 2026
Cache sync 27 at Sun May  3 01:59:22 UTC 2026
Cache sync 28 at Sun May  3 01:59:22 UTC 2026
Cache sync 29 at Sun May  3 01:59:22 UTC 2026
Cache sync 30 at Sun May  3 01:59:22 UTC 2026
Cache sync 31 at Sun May  3 01:59:22 UTC 2026
Cache sync 32 at Sun May  3 01:59:22 UTC 2026
Cache sync 33 at Sun May  3 01:59:22 UTC 2026
Cache sync 34 at Sun May  3 01:59:22 UTC 2026
Cache sync 35 at Sun May  3 01:59:22 UTC 2026
Cache sync 36 at Sun May  3 01:59:22 UTC 2026
Cache sync 37 at Sun May  3 01:59:22 UTC 2026
Cache sync 38 at Sun May  3 01:59:22 UTC 2026
Cache sync 39 at Sun May  3 01:59:22 UTC 2026
Cache sync 40 at Sun May  3 01:59:22 UTC 2026
Cache sync 41 at Sun May  3 01:59:22 UTC 2026
Cache sync 42 at Sun May  3 01:59:22 UTC 2026
Cache sync 43 at Sun May  3 01:59:22 UTC 2026
Cache sync 44 at Sun May  3 01:59:22 UTC 2026
Cache sync 45 at Sun May  3 01:59:22 UTC 2026
Cache sync 46 at Sun May  3 01:59:22 UTC 2026
Cache sync 47 at Sun May  3 01:59:22 UTC 2026
Cache sync 48 at Sun May  3 01:59:22 UTC 2026
Cache sync 49 at Sun May  3 01:59:22 UTC 2026
Cache sync 50 at Sun May  3 01:59:22 UTC 2026
Cache sync 51 at Sun May  3 01:59:22 UTC 2026
Cache sync 52 at Sun May  3 01:59:22 UTC 2026
Cache sync 53 at Sun May  3 01:59:22 UTC 2026
Cache sync 54 at Sun May  3 01:59:22 UTC 2026
Cache sync 55 at Sun May  3 01:59:22 UTC 2026
Cache sync 56 at Sun May  3 01:59:22 UTC 2026
Cache sync 57 at Sun May  3 01:59:22 UTC 2026
Cache sync 58 at Sun May  3 01:59:22 UTC 2026
Cache sync 59 at Sun May  3 01:59:22 UTC 2026
Cache sync 60 at Sun May  3 01:59:22 UTC 2026
Cache sync 61 at Sun May  3 01:59:22 UTC 2026
Cache sync 62 at Sun May  3 01:59:22 UTC 2026
Cache sync 63 at Sun May  3 01:59:22 UTC 2026
Cache sync 64 at Sun May  3 01:59:22 UTC 2026
Cache sync 65 at Sun May  3 01:59:22 UTC 2026
Cache sync 66 at Sun May  3 01:59:22 UTC 2026
Cache sync 67 at Sun May  3 01:59:22 UTC 2026
Cache sync 68 at Sun May  3 01:59:22 UTC 2026
Cache sync 69 at Sun May  3 01:59:22 UTC 2026
Cache sync 70 at Sun May  3 01:59:22 UTC 2026
Cache sync 71 at Sun May  3 01:59:22 UTC 2026
Cache sync 72 at Sun May  3 01:59:22 UTC 2026
Cache sync 73 at Sun May  3 01:59:22 UTC 2026
Cache sync 74 at Sun May  3 01:59:22 UTC 2026
Cache sync 75 at Sun May  3 01:59:22 UTC 2026
Cache sync 76 at Sun May  3 01:59:22 UTC 2026
Cache sync 77 at Sun May  3 01:59:22 UTC 2026
Cache sync 78 at Sun May  3 01:59:22 UTC 2026
Cache sync 1 at Sun May  3 12:48:57 UTC 2026
Cache sync 2 at Sun May  3 12:48:57 UTC 2026
Cache sync 3 at Sun May  3 12:48:57 UTC 2026
Cache sync 4 at Sun May  3 12:48:57 UTC 2026
Cache sync 5 at Sun May  3 12:48:57 UTC 2026
Cache sync 6 at Sun May  3 12:48:57 UTC 2026
Cache sync 7 at Sun May  3 12:48:57 UTC 2026
Cache sync 8 at Sun May  3 12:48:57 UTC 2026
Cache sync 9 at Sun May  3 12:48:57 UTC 2026
Cache sync 10 at Sun May  3 12:48:57 UTC 2026
Cache sync 11 at Sun May  3 12:48:57 UTC 2026
Cache sync 12 at Sun May  3 12:48:57 UTC 2026
Cache sync 13 at Sun May  3 12:48:57 UTC 2026
Cache sync 14 at Sun May  3 12:48:57 UTC 2026
Cache sync 1 at Sun May  3 18:44:36 UTC 2026
Cache sync 2 at Sun May  3 18:44:36 UTC 2026
Cache sync 3 at Sun May  3 18:44:36 UTC 2026
Cache sync 4 at Sun May  3 18:44:36 UTC 2026
Cache sync 5 at Sun May  3 18:44:36 UTC 2026
Cache sync 6 at Sun May  3 18:44:36 UTC 2026
Cache sync 7 at Sun May  3 18:44:36 UTC 2026
Cache sync 8 at Sun May  3 18:44:36 UTC 2026
Cache sync 9 at Sun May  3 18:44:36 UTC 2026
Cache sync 10 at Sun May  3 18:44:36 UTC 2026
Cache sync 11 at Sun May  3 18:44:36 UTC 2026
Cache sync 12 at Sun May  3 18:44:36 UTC 2026
Cache sync 13 at Sun May  3 18:44:36 UTC 2026
Cache sync 14 at Sun May  3 18:44:36 UTC 2026
Cache sync 15 at Sun May  3 18:44:36 UTC 2026
Cache sync 16 at Sun May  3 18:44:36 UTC 2026
Cache sync 17 at Sun May  3 18:44:36 UTC 2026
Cache sync 18 at Sun May  3 18:44:36 UTC 2026
Cache sync 19 at Sun May  3 18:44:36 UTC 2026
Cache sync 20 at Sun May  3 18:44:36 UTC 2026
Cache sync 21 at Sun May  3 18:44:37 UTC 2026
Cache sync 22 at Sun May  3 18:44:37 UTC 2026
Cache sync 23 at Sun May  3 18:44:37 UTC 2026
Cache sync 24 at Sun May  3 18:44:37 UTC 2026
Cache sync 25 at Sun May  3 18:44:37 UTC 2026
Cache sync 26 at Sun May  3 18:44:37 UTC 2026
Cache sync 27 at Sun May  3 18:44:37 UTC 2026
Cache sync 28 at Sun May  3 18:44:37 UTC 2026
Cache sync 29 at Sun May  3 18:44:37 UTC 2026
Cache sync 30 at Sun May  3 18:44:37 UTC 2026
Cache sync 31 at Sun May  3 18:44:37 UTC 2026
Cache sync 32 at Sun May  3 18:44:37 UTC 2026
Cache sync 33 at Sun May  3 18:44:37 UTC 2026
Cache sync 34 at Sun May  3 18:44:37 UTC 2026
Cache sync 35 at Sun May  3 18:44:37 UTC 2026
Cache sync 36 at Sun May  3 18:44:37 UTC 2026
Cache sync 37 at Sun May  3 18:44:37 UTC 2026
Cache sync 38 at Sun May  3 18:44:37 UTC 2026
Cache sync 39 at Sun May  3 18:44:37 UTC 2026
Cache sync 40 at Sun May  3 18:44:37 UTC 2026
Cache sync 41 at Sun May  3 18:44:37 UTC 2026
Cache sync 42 at Sun May  3 18:44:37 UTC 2026
Cache sync 43 at Sun May  3 18:44:37 UTC 2026
Cache sync 44 at Sun May  3 18:44:37 UTC 2026
Cache sync 45 at Sun May  3 18:44:37 UTC 2026
Cache sync 46 at Sun May  3 18:44:37 UTC 2026
Cache sync 47 at Sun May  3 18:44:37 UTC 2026
Cache sync 48 at Sun May  3 18:44:37 UTC 2026
Cache sync 49 at Sun May  3 18:44:37 UTC 2026
Cache sync 1 at Mon May  4 08:18:34 UTC 2026
Cache sync 2 at Mon May  4 08:18:34 UTC 2026
Cache sync 3 at Mon May  4 08:18:34 UTC 2026
Cache sync 4 at Mon May  4 08:18:34 UTC 2026
Cache sync 5 at Mon May  4 08:18:34 UTC 2026
Cache sync 6 at Mon May  4 08:18:34 UTC 2026
Cache sync 7 at Mon May  4 08:18:34 UTC 2026
Cache sync 8 at Mon May  4 08:18:34 UTC 2026
Cache sync 9 at Mon May  4 08:18:34 UTC 2026
Cache sync 10 at Mon May  4 08:18:34 UTC 2026
Cache sync 11 at Mon May  4 08:18:34 UTC 2026
Cache sync 12 at Mon May  4 08:18:34 UTC 2026
Cache sync 13 at Mon May  4 08:18:34 UTC 2026
Cache sync 14 at Mon May  4 08:18:34 UTC 2026
Cache sync 15 at Mon May  4 08:18:34 UTC 2026
Cache sync 16 at Mon May  4 08:18:34 UTC 2026
Cache sync 17 at Mon May  4 08:18:34 UTC 2026
Cache sync 18 at Mon May  4 08:18:34 UTC 2026
Cache sync 19 at Mon May  4 08:18:34 UTC 2026
Cache sync 20 at Mon May  4 08:18:34 UTC 2026
Cache sync 21 at Mon May  4 08:18:34 UTC 2026
Cache sync 22 at Mon May  4 08:18:34 UTC 2026
Cache sync 23 at Mon May  4 08:18:34 UTC 2026
Cache sync 24 at Mon May  4 08:18:34 UTC 2026
Cache sync 25 at Mon May  4 08:18:34 UTC 2026
Cache sync 26 at Mon May  4 08:18:34 UTC 2026
Cache sync 27 at Mon May  4 08:18:34 UTC 2026
Cache sync 28 at Mon May  4 08:18:34 UTC 2026
Cache sync 29 at Mon May  4 08:18:34 UTC 2026
Cache sync 30 at Mon May  4 08:18:34 UTC 2026
Cache sync 31 at Mon May  4 08:18:34 UTC 2026
Cache sync 32 at Mon May  4 08:18:34 UTC 2026
Cache sync 33 at Mon May  4 08:18:34 UTC 2026
Cache sync 34 at Mon May  4 08:18:34 UTC 2026
Cache sync 35 at Mon May  4 08:18:34 UTC 2026
Cache sync 36 at Mon May  4 08:18:34 UTC 2026
Cache sync 37 at Mon May  4 08:18:34 UTC 2026
Cache sync 38 at Mon May  4 08:18:34 UTC 2026
Cache sync 39 at Mon May  4 08:18:34 UTC 2026
Cache sync 40 at Mon May  4 08:18:34 UTC 2026
Cache sync 41 at Mon May  4 08:18:34 UTC 2026
Cache sync 42 at Mon May  4 08:18:34 UTC 2026
Cache sync 43 at Mon May  4 08:18:34 UTC 2026
Cache sync 44 at Mon May  4 08:18:34 UTC 2026
Cache sync 45 at Mon May  4 08:18:34 UTC 2026
Cache sync 46 at Mon May  4 08:18:34 UTC 2026
Cache sync 47 at Mon May  4 08:18:34 UTC 2026
Cache sync 48 at Mon May  4 08:18:34 UTC 2026
Cache sync 49 at Mon May  4 08:18:34 UTC 2026
Cache sync 50 at Mon May  4 08:18:34 UTC 2026
Cache sync 51 at Mon May  4 08:18:34 UTC 2026
Cache sync 52 at Mon May  4 08:18:34 UTC 2026
Cache sync 53 at Mon May  4 08:18:34 UTC 2026
Cache sync 54 at Mon May  4 08:18:34 UTC 2026
Cache sync 55 at Mon May  4 08:18:34 UTC 2026
Cache sync 56 at Mon May  4 08:18:34 UTC 2026
Cache sync 57 at Mon May  4 08:18:34 UTC 2026
Cache sync 58 at Mon May  4 08:18:34 UTC 2026
Cache sync 59 at Mon May  4 08:18:34 UTC 2026
Cache sync 60 at Mon May  4 08:18:34 UTC 2026
Cache sync 61 at Mon May  4 08:18:34 UTC 2026
Cache sync 62 at Mon May  4 08:18:34 UTC 2026
Cache sync 63 at Mon May  4 08:18:34 UTC 2026
Cache sync 64 at Mon May  4 08:18:34 UTC 2026
Cache sync 65 at Mon May  4 08:18:34 UTC 2026
Cache sync 66 at Mon May  4 08:18:34 UTC 2026
Cache sync 67 at Mon May  4 08:18:34 UTC 2026
Cache sync 68 at Mon May  4 08:18:34 UTC 2026
Cache sync 69 at Mon May  4 08:18:34 UTC 2026
Cache sync 70 at Mon May  4 08:18:34 UTC 2026
Cache sync 71 at Mon May  4 08:18:34 UTC 2026
Cache sync 72 at Mon May  4 08:18:34 UTC 2026
Cache sync 73 at Mon May  4 08:18:34 UTC 2026
Cache sync 74 at Mon May  4 08:18:34 UTC 2026
Cache sync 75 at Mon May  4 08:18:34 UTC 2026
Cache sync 76 at Mon May  4 08:18:34 UTC 2026
Cache sync 77 at Mon May  4 08:18:34 UTC 2026
Cache sync 78 at Mon May  4 08:18:34 UTC 2026
Cache sync 79 at Mon May  4 08:18:34 UTC 2026
Cache sync 80 at Mon May  4 08:18:34 UTC 2026
Cache sync 81 at Mon May  4 08:18:34 UTC 2026
Cache sync 1 at Mon May  4 13:24:07 UTC 2026
Cache sync 2 at Mon May  4 13:24:07 UTC 2026
Cache sync 3 at Mon May  4 13:24:07 UTC 2026
Cache sync 4 at Mon May  4 13:24:07 UTC 2026
Cache sync 5 at Mon May  4 13:24:07 UTC 2026
Cache sync 6 at Mon May  4 13:24:07 UTC 2026
Cache sync 7 at Mon May  4 13:24:07 UTC 2026
Cache sync 8 at Mon May  4 13:24:07 UTC 2026
Cache sync 9 at Mon May  4 13:24:07 UTC 2026
Cache sync 10 at Mon May  4 13:24:07 UTC 2026
Cache sync 11 at Mon May  4 13:24:07 UTC 2026
Cache sync 12 at Mon May  4 13:24:07 UTC 2026
Cache sync 13 at Mon May  4 13:24:07 UTC 2026
Cache sync 14 at Mon May  4 13:24:07 UTC 2026
Cache sync 15 at Mon May  4 13:24:07 UTC 2026
Cache sync 16 at Mon May  4 13:24:07 UTC 2026
Cache sync 17 at Mon May  4 13:24:07 UTC 2026
Cache sync 18 at Mon May  4 13:24:07 UTC 2026
Cache sync 19 at Mon May  4 13:24:07 UTC 2026
Cache sync 20 at Mon May  4 13:24:07 UTC 2026
Cache sync 21 at Mon May  4 13:24:07 UTC 2026
Cache sync 22 at Mon May  4 13:24:07 UTC 2026
Cache sync 23 at Mon May  4 13:24:07 UTC 2026
Cache sync 24 at Mon May  4 13:24:07 UTC 2026
Cache sync 25 at Mon May  4 13:24:07 UTC 2026
Cache sync 26 at Mon May  4 13:24:07 UTC 2026
Cache sync 27 at Mon May  4 13:24:07 UTC 2026
Cache sync 28 at Mon May  4 13:24:07 UTC 2026
Cache sync 29 at Mon May  4 13:24:07 UTC 2026
Cache sync 30 at Mon May  4 13:24:07 UTC 2026
Cache sync 31 at Mon May  4 13:24:07 UTC 2026
Cache sync 32 at Mon May  4 13:24:07 UTC 2026
Cache sync 33 at Mon May  4 13:24:07 UTC 2026
Cache sync 34 at Mon May  4 13:24:07 UTC 2026
Cache sync 35 at Mon May  4 13:24:07 UTC 2026
Cache sync 36 at Mon May  4 13:24:07 UTC 2026
Cache sync 37 at Mon May  4 13:24:07 UTC 2026
Cache sync 38 at Mon May  4 13:24:07 UTC 2026
Cache sync 39 at Mon May  4 13:24:07 UTC 2026
Cache sync 40 at Mon May  4 13:24:07 UTC 2026
Cache sync 41 at Mon May  4 13:24:07 UTC 2026
Cache sync 42 at Mon May  4 13:24:07 UTC 2026
Cache sync 43 at Mon May  4 13:24:07 UTC 2026
Cache sync 44 at Mon May  4 13:24:07 UTC 2026
Cache sync 45 at Mon May  4 13:24:07 UTC 2026
Cache sync 46 at Mon May  4 13:24:07 UTC 2026
Cache sync 47 at Mon May  4 13:24:07 UTC 2026
Cache sync 48 at Mon May  4 13:24:07 UTC 2026
Cache sync 49 at Mon May  4 13:24:07 UTC 2026
Cache sync 50 at Mon May  4 13:24:07 UTC 2026
Cache sync 51 at Mon May  4 13:24:07 UTC 2026
Cache sync 52 at Mon May  4 13:24:07 UTC 2026
Cache sync 1 at Mon May  4 19:15:16 UTC 2026
Cache sync 2 at Mon May  4 19:15:16 UTC 2026
Cache sync 3 at Mon May  4 19:15:16 UTC 2026
Cache sync 4 at Mon May  4 19:15:16 UTC 2026
Cache sync 5 at Mon May  4 19:15:16 UTC 2026
Cache sync 6 at Mon May  4 19:15:16 UTC 2026
Cache sync 7 at Mon May  4 19:15:16 UTC 2026
Cache sync 8 at Mon May  4 19:15:16 UTC 2026
Cache sync 9 at Mon May  4 19:15:16 UTC 2026
Cache sync 10 at Mon May  4 19:15:16 UTC 2026
Cache sync 11 at Mon May  4 19:15:16 UTC 2026
Cache sync 12 at Mon May  4 19:15:16 UTC 2026
Cache sync 13 at Mon May  4 19:15:16 UTC 2026
Cache sync 1 at Tue May  5 13:15:50 UTC 2026
Cache sync 2 at Tue May  5 13:15:50 UTC 2026
Cache sync 1 at Tue May  5 19:06:10 UTC 2026
Cache sync 2 at Tue May  5 19:06:10 UTC 2026
Cache sync 3 at Tue May  5 19:06:10 UTC 2026
Cache sync 4 at Tue May  5 19:06:10 UTC 2026
Cache sync 5 at Tue May  5 19:06:10 UTC 2026
Cache sync 6 at Tue May  5 19:06:10 UTC 2026
Cache sync 7 at Tue May  5 19:06:10 UTC 2026
Cache sync 8 at Tue May  5 19:06:10 UTC 2026
Cache sync 9 at Tue May  5 19:06:11 UTC 2026
Cache sync 10 at Tue May  5 19:06:11 UTC 2026
Cache sync 11 at Tue May  5 19:06:11 UTC 2026
Cache sync 12 at Tue May  5 19:06:11 UTC 2026
Cache sync 13 at Tue May  5 19:06:11 UTC 2026
Cache sync 14 at Tue May  5 19:06:11 UTC 2026
Cache sync 15 at Tue May  5 19:06:11 UTC 2026
Cache sync 16 at Tue May  5 19:06:11 UTC 2026
Cache sync 17 at Tue May  5 19:06:11 UTC 2026
Cache sync 18 at Tue May  5 19:06:11 UTC 2026
Cache sync 19 at Tue May  5 19:06:11 UTC 2026
Cache sync 20 at Tue May  5 19:06:11 UTC 2026
Cache sync 21 at Tue May  5 19:06:11 UTC 2026
Cache sync 22 at Tue May  5 19:06:11 UTC 2026
Cache sync 23 at Tue May  5 19:06:11 UTC 2026
Cache sync 24 at Tue May  5 19:06:11 UTC 2026
Cache sync 25 at Tue May  5 19:06:11 UTC 2026
Cache sync 26 at Tue May  5 19:06:11 UTC 2026
Cache sync 27 at Tue May  5 19:06:11 UTC 2026
Cache sync 28 at Tue May  5 19:06:11 UTC 2026
Cache sync 29 at Tue May  5 19:06:11 UTC 2026
Cache sync 30 at Tue May  5 19:06:11 UTC 2026
Cache sync 31 at Tue May  5 19:06:11 UTC 2026
Cache sync 32 at Tue May  5 19:06:11 UTC 2026
Cache sync 33 at Tue May  5 19:06:11 UTC 2026
Cache sync 34 at Tue May  5 19:06:11 UTC 2026
Cache sync 35 at Tue May  5 19:06:11 UTC 2026
Cache sync 36 at Tue May  5 19:06:11 UTC 2026
Cache sync 37 at Tue May  5 19:06:11 UTC 2026
Cache sync 1 at Wed May  6 01:59:33 UTC 2026
Cache sync 2 at Wed May  6 01:59:33 UTC 2026
Cache sync 3 at Wed May  6 01:59:33 UTC 2026
Cache sync 4 at Wed May  6 01:59:33 UTC 2026
Cache sync 5 at Wed May  6 01:59:33 UTC 2026
Cache sync 6 at Wed May  6 01:59:33 UTC 2026
Cache sync 7 at Wed May  6 01:59:33 UTC 2026
Cache sync 8 at Wed May  6 01:59:33 UTC 2026
Cache sync 9 at Wed May  6 01:59:33 UTC 2026
Cache sync 10 at Wed May  6 01:59:33 UTC 2026
Cache sync 11 at Wed May  6 01:59:33 UTC 2026
Cache sync 12 at Wed May  6 01:59:33 UTC 2026
Cache sync 13 at Wed May  6 01:59:33 UTC 2026
Cache sync 14 at Wed May  6 01:59:33 UTC 2026
Cache sync 15 at Wed May  6 01:59:33 UTC 2026
Cache sync 16 at Wed May  6 01:59:33 UTC 2026
Cache sync 17 at Wed May  6 01:59:33 UTC 2026
Cache sync 18 at Wed May  6 01:59:33 UTC 2026
Cache sync 19 at Wed May  6 01:59:33 UTC 2026
Cache sync 20 at Wed May  6 01:59:33 UTC 2026
Cache sync 21 at Wed May  6 01:59:33 UTC 2026
Cache sync 22 at Wed May  6 01:59:33 UTC 2026
Cache sync 1 at Wed May  6 13:47:01 UTC 2026
Cache sync 2 at Wed May  6 13:47:01 UTC 2026
Cache sync 3 at Wed May  6 13:47:01 UTC 2026
Cache sync 4 at Wed May  6 13:47:01 UTC 2026
Cache sync 5 at Wed May  6 13:47:01 UTC 2026
Cache sync 6 at Wed May  6 13:47:01 UTC 2026
Cache sync 7 at Wed May  6 13:47:01 UTC 2026
Cache sync 8 at Wed May  6 13:47:01 UTC 2026
Cache sync 9 at Wed May  6 13:47:01 UTC 2026
Cache sync 10 at Wed May  6 13:47:01 UTC 2026
Cache sync 11 at Wed May  6 13:47:01 UTC 2026
Cache sync 12 at Wed May  6 13:47:01 UTC 2026
Cache sync 13 at Wed May  6 13:47:01 UTC 2026
Cache sync 14 at Wed May  6 13:47:01 UTC 2026
Cache sync 15 at Wed May  6 13:47:01 UTC 2026
Cache sync 16 at Wed May  6 13:47:01 UTC 2026
Cache sync 17 at Wed May  6 13:47:01 UTC 2026
Cache sync 18 at Wed May  6 13:47:01 UTC 2026
Cache sync 19 at Wed May  6 13:47:01 UTC 2026
Cache sync 20 at Wed May  6 13:47:01 UTC 2026
Cache sync 21 at Wed May  6 13:47:01 UTC 2026
Cache sync 22 at Wed May  6 13:47:01 UTC 2026
Cache sync 23 at Wed May  6 13:47:01 UTC 2026
Cache sync 24 at Wed May  6 13:47:01 UTC 2026
Cache sync 25 at Wed May  6 13:47:01 UTC 2026
Cache sync 26 at Wed May  6 13:47:01 UTC 2026
Cache sync 27 at Wed May  6 13:47:01 UTC 2026
Cache sync 28 at Wed May  6 13:47:01 UTC 2026
Cache sync 29 at Wed May  6 13:47:01 UTC 2026
Cache sync 30 at Wed May  6 13:47:01 UTC 2026
Cache sync 31 at Wed May  6 13:47:01 UTC 2026
Cache sync 32 at Wed May  6 13:47:01 UTC 2026
Cache sync 33 at Wed May  6 13:47:01 UTC 2026
Cache sync 34 at Wed May  6 13:47:01 UTC 2026
Cache sync 35 at Wed May  6 13:47:01 UTC 2026
Cache sync 1 at Wed May  6 19:23:39 UTC 2026
Cache sync 2 at Wed May  6 19:23:39 UTC 2026
Cache sync 3 at Wed May  6 19:23:39 UTC 2026
Cache sync 4 at Wed May  6 19:23:39 UTC 2026
Cache sync 5 at Wed May  6 19:23:39 UTC 2026
Cache sync 6 at Wed May  6 19:23:39 UTC 2026
Cache sync 7 at Wed May  6 19:23:39 UTC 2026
Cache sync 8 at Wed May  6 19:23:39 UTC 2026
Cache sync 9 at Wed May  6 19:23:39 UTC 2026
Cache sync 10 at Wed May  6 19:23:39 UTC 2026
Cache sync 11 at Wed May  6 19:23:39 UTC 2026
Cache sync 12 at Wed May  6 19:23:39 UTC 2026
Cache sync 13 at Wed May  6 19:23:39 UTC 2026
Cache sync 14 at Wed May  6 19:23:39 UTC 2026
Cache sync 15 at Wed May  6 19:23:39 UTC 2026
Cache sync 16 at Wed May  6 19:23:39 UTC 2026
Cache sync 17 at Wed May  6 19:23:39 UTC 2026
Cache sync 18 at Wed May  6 19:23:39 UTC 2026
Cache sync 1 at Thu May  7 02:02:05 UTC 2026
Cache sync 2 at Thu May  7 02:02:05 UTC 2026
Cache sync 3 at Thu May  7 02:02:05 UTC 2026
Cache sync 4 at Thu May  7 02:02:05 UTC 2026
Cache sync 5 at Thu May  7 02:02:05 UTC 2026
Cache sync 6 at Thu May  7 02:02:05 UTC 2026
Cache sync 7 at Thu May  7 02:02:05 UTC 2026
Cache sync 8 at Thu May  7 02:02:05 UTC 2026
Cache sync 9 at Thu May  7 02:02:05 UTC 2026
Cache sync 10 at Thu May  7 02:02:05 UTC 2026
Cache sync 11 at Thu May  7 02:02:05 UTC 2026
Cache sync 1 at Thu May  7 08:17:46 UTC 2026
Cache sync 2 at Thu May  7 08:17:46 UTC 2026
Cache sync 3 at Thu May  7 08:17:46 UTC 2026
Cache sync 4 at Thu May  7 08:17:46 UTC 2026
Cache sync 5 at Thu May  7 08:17:46 UTC 2026
Cache sync 6 at Thu May  7 08:17:46 UTC 2026
Cache sync 7 at Thu May  7 08:17:46 UTC 2026
Cache sync 8 at Thu May  7 08:17:46 UTC 2026
Cache sync 9 at Thu May  7 08:17:46 UTC 2026
Cache sync 10 at Thu May  7 08:17:46 UTC 2026
Cache sync 11 at Thu May  7 08:17:46 UTC 2026
Cache sync 1 at Thu May  7 19:27:05 UTC 2026
Cache sync 2 at Thu May  7 19:27:05 UTC 2026
Cache sync 3 at Thu May  7 19:27:05 UTC 2026
Cache sync 4 at Thu May  7 19:27:05 UTC 2026
Cache sync 5 at Thu May  7 19:27:05 UTC 2026
Cache sync 6 at Thu May  7 19:27:05 UTC 2026
Cache sync 7 at Thu May  7 19:27:05 UTC 2026
Cache sync 8 at Thu May  7 19:27:05 UTC 2026
Cache sync 9 at Thu May  7 19:27:05 UTC 2026
Cache sync 10 at Thu May  7 19:27:05 UTC 2026
Cache sync 11 at Thu May  7 19:27:05 UTC 2026
Cache sync 12 at Thu May  7 19:27:05 UTC 2026
Cache sync 13 at Thu May  7 19:27:05 UTC 2026
Cache sync 14 at Thu May  7 19:27:05 UTC 2026
Cache sync 15 at Thu May  7 19:27:05 UTC 2026
Cache sync 16 at Thu May  7 19:27:05 UTC 2026
Cache sync 17 at Thu May  7 19:27:05 UTC 2026
Cache sync 18 at Thu May  7 19:27:05 UTC 2026
Cache sync 19 at Thu May  7 19:27:05 UTC 2026
Cache sync 20 at Thu May  7 19:27:05 UTC 2026
Cache sync 21 at Thu May  7 19:27:05 UTC 2026
Cache sync 22 at Thu May  7 19:27:05 UTC 2026
Cache sync 23 at Thu May  7 19:27:05 UTC 2026
Cache sync 24 at Thu May  7 19:27:05 UTC 2026
Cache sync 25 at Thu May  7 19:27:05 UTC 2026
Cache sync 26 at Thu May  7 19:27:05 UTC 2026
Cache sync 27 at Thu May  7 19:27:05 UTC 2026
Cache sync 28 at Thu May  7 19:27:05 UTC 2026
Cache sync 29 at Thu May  7 19:27:05 UTC 2026
Cache sync 30 at Thu May  7 19:27:05 UTC 2026
Cache sync 31 at Thu May  7 19:27:05 UTC 2026
Cache sync 32 at Thu May  7 19:27:05 UTC 2026
Cache sync 33 at Thu May  7 19:27:05 UTC 2026
Cache sync 34 at Thu May  7 19:27:05 UTC 2026
Cache sync 35 at Thu May  7 19:27:05 UTC 2026
Cache sync 36 at Thu May  7 19:27:06 UTC 2026
Cache sync 37 at Thu May  7 19:27:06 UTC 2026
Cache sync 38 at Thu May  7 19:27:06 UTC 2026
Cache sync 39 at Thu May  7 19:27:06 UTC 2026
Cache sync 40 at Thu May  7 19:27:06 UTC 2026
Cache sync 41 at Thu May  7 19:27:06 UTC 2026
Cache sync 42 at Thu May  7 19:27:06 UTC 2026
Cache sync 43 at Thu May  7 19:27:06 UTC 2026
Cache sync 44 at Thu May  7 19:27:06 UTC 2026
Cache sync 45 at Thu May  7 19:27:06 UTC 2026
Cache sync 46 at Thu May  7 19:27:06 UTC 2026
Cache sync 47 at Thu May  7 19:27:06 UTC 2026
Cache sync 1 at Fri May  8 02:08:39 UTC 2026
Cache sync 2 at Fri May  8 02:08:39 UTC 2026
Cache sync 3 at Fri May  8 02:08:39 UTC 2026
Cache sync 4 at Fri May  8 02:08:39 UTC 2026
Cache sync 5 at Fri May  8 02:08:39 UTC 2026
Cache sync 6 at Fri May  8 02:08:39 UTC 2026
Cache sync 7 at Fri May  8 02:08:39 UTC 2026
Cache sync 8 at Fri May  8 02:08:39 UTC 2026
Cache sync 9 at Fri May  8 02:08:39 UTC 2026
Cache sync 10 at Fri May  8 02:08:39 UTC 2026
Cache sync 11 at Fri May  8 02:08:39 UTC 2026
Cache sync 12 at Fri May  8 02:08:39 UTC 2026
Cache sync 13 at Fri May  8 02:08:39 UTC 2026
Cache sync 14 at Fri May  8 02:08:39 UTC 2026
Cache sync 15 at Fri May  8 02:08:39 UTC 2026
Cache sync 16 at Fri May  8 02:08:39 UTC 2026
Cache sync 17 at Fri May  8 02:08:39 UTC 2026
Cache sync 18 at Fri May  8 02:08:39 UTC 2026
Cache sync 19 at Fri May  8 02:08:39 UTC 2026
Cache sync 20 at Fri May  8 02:08:39 UTC 2026
Cache sync 21 at Fri May  8 02:08:39 UTC 2026
Cache sync 22 at Fri May  8 02:08:39 UTC 2026
Cache sync 23 at Fri May  8 02:08:39 UTC 2026
Cache sync 24 at Fri May  8 02:08:39 UTC 2026
Cache sync 25 at Fri May  8 02:08:39 UTC 2026
Cache sync 26 at Fri May  8 02:08:39 UTC 2026
Cache sync 27 at Fri May  8 02:08:39 UTC 2026
Cache sync 28 at Fri May  8 02:08:39 UTC 2026
Cache sync 29 at Fri May  8 02:08:39 UTC 2026
Cache sync 30 at Fri May  8 02:08:39 UTC 2026
Cache sync 31 at Fri May  8 02:08:39 UTC 2026
Cache sync 32 at Fri May  8 02:08:39 UTC 2026
Cache sync 33 at Fri May  8 02:08:39 UTC 2026
Cache sync 34 at Fri May  8 02:08:39 UTC 2026
Cache sync 35 at Fri May  8 02:08:39 UTC 2026
Cache sync 36 at Fri May  8 02:08:39 UTC 2026
Cache sync 37 at Fri May  8 02:08:39 UTC 2026
Cache sync 38 at Fri May  8 02:08:39 UTC 2026
Cache sync 39 at Fri May  8 02:08:39 UTC 2026
Cache sync 40 at Fri May  8 02:08:39 UTC 2026
Cache sync 41 at Fri May  8 02:08:39 UTC 2026
Cache sync 42 at Fri May  8 02:08:39 UTC 2026
Cache sync 43 at Fri May  8 02:08:39 UTC 2026
Cache sync 44 at Fri May  8 02:08:39 UTC 2026
Cache sync 45 at Fri May  8 02:08:39 UTC 2026
Cache sync 46 at Fri May  8 02:08:39 UTC 2026
Cache sync 47 at Fri May  8 02:08:39 UTC 2026
Cache sync 48 at Fri May  8 02:08:39 UTC 2026
Cache sync 49 at Fri May  8 02:08:39 UTC 2026
Cache sync 50 at Fri May  8 02:08:39 UTC 2026
Cache sync 51 at Fri May  8 02:08:39 UTC 2026
Cache sync 52 at Fri May  8 02:08:39 UTC 2026
Cache sync 53 at Fri May  8 02:08:39 UTC 2026
Cache sync 54 at Fri May  8 02:08:39 UTC 2026
Cache sync 55 at Fri May  8 02:08:39 UTC 2026
Cache sync 56 at Fri May  8 02:08:39 UTC 2026
Cache sync 57 at Fri May  8 02:08:39 UTC 2026
Cache sync 58 at Fri May  8 02:08:40 UTC 2026
Cache sync 59 at Fri May  8 02:08:40 UTC 2026
Cache sync 60 at Fri May  8 02:08:40 UTC 2026
Cache sync 61 at Fri May  8 02:08:40 UTC 2026
Cache sync 62 at Fri May  8 02:08:40 UTC 2026
Cache sync 63 at Fri May  8 02:08:40 UTC 2026
Cache sync 64 at Fri May  8 02:08:40 UTC 2026
Cache sync 65 at Fri May  8 02:08:40 UTC 2026
Cache sync 66 at Fri May  8 02:08:40 UTC 2026
Cache sync 67 at Fri May  8 02:08:40 UTC 2026
Cache sync 68 at Fri May  8 02:08:40 UTC 2026
Cache sync 69 at Fri May  8 02:08:40 UTC 2026
Cache sync 70 at Fri May  8 02:08:40 UTC 2026
Cache sync 71 at Fri May  8 02:08:40 UTC 2026
Cache sync 72 at Fri May  8 02:08:40 UTC 2026
Cache sync 73 at Fri May  8 02:08:40 UTC 2026
Cache sync 1 at Fri May  8 07:17:08 UTC 2026
Cache sync 2 at Fri May  8 07:17:08 UTC 2026
Cache sync 3 at Fri May  8 07:17:08 UTC 2026
Cache sync 4 at Fri May  8 07:17:08 UTC 2026
Cache sync 5 at Fri May  8 07:17:08 UTC 2026
Cache sync 6 at Fri May  8 07:17:08 UTC 2026
Cache sync 7 at Fri May  8 07:17:08 UTC 2026
Cache sync 8 at Fri May  8 07:17:08 UTC 2026
Cache sync 9 at Fri May  8 07:17:08 UTC 2026
Cache sync 10 at Fri May  8 07:17:08 UTC 2026
Cache sync 11 at Fri May  8 07:17:08 UTC 2026
Cache sync 12 at Fri May  8 07:17:08 UTC 2026
Cache sync 13 at Fri May  8 07:17:08 UTC 2026
Cache sync 14 at Fri May  8 07:17:08 UTC 2026
Cache sync 15 at Fri May  8 07:17:08 UTC 2026
Cache sync 16 at Fri May  8 07:17:08 UTC 2026
Cache sync 17 at Fri May  8 07:17:08 UTC 2026
Cache sync 18 at Fri May  8 07:17:08 UTC 2026
Cache sync 19 at Fri May  8 07:17:08 UTC 2026
Cache sync 20 at Fri May  8 07:17:08 UTC 2026
Cache sync 21 at Fri May  8 07:17:08 UTC 2026
Cache sync 22 at Fri May  8 07:17:08 UTC 2026
Cache sync 23 at Fri May  8 07:17:08 UTC 2026
Cache sync 24 at Fri May  8 07:17:08 UTC 2026
Cache sync 25 at Fri May  8 07:17:08 UTC 2026
Cache sync 26 at Fri May  8 07:17:08 UTC 2026
Cache sync 27 at Fri May  8 07:17:08 UTC 2026
Cache sync 28 at Fri May  8 07:17:08 UTC 2026
Cache sync 29 at Fri May  8 07:17:08 UTC 2026
Cache sync 30 at Fri May  8 07:17:08 UTC 2026
Cache sync 31 at Fri May  8 07:17:08 UTC 2026
Cache sync 32 at Fri May  8 07:17:08 UTC 2026
Cache sync 33 at Fri May  8 07:17:08 UTC 2026
Cache sync 34 at Fri May  8 07:17:08 UTC 2026
Cache sync 35 at Fri May  8 07:17:08 UTC 2026
Cache sync 36 at Fri May  8 07:17:08 UTC 2026
Cache sync 37 at Fri May  8 07:17:08 UTC 2026
Cache sync 38 at Fri May  8 07:17:08 UTC 2026
Cache sync 39 at Fri May  8 07:17:08 UTC 2026
Cache sync 40 at Fri May  8 07:17:08 UTC 2026
Cache sync 41 at Fri May  8 07:17:08 UTC 2026
Cache sync 42 at Fri May  8 07:17:08 UTC 2026
Cache sync 43 at Fri May  8 07:17:08 UTC 2026
Cache sync 44 at Fri May  8 07:17:08 UTC 2026
Cache sync 45 at Fri May  8 07:17:08 UTC 2026
Cache sync 46 at Fri May  8 07:17:08 UTC 2026
Cache sync 47 at Fri May  8 07:17:08 UTC 2026
Cache sync 48 at Fri May  8 07:17:08 UTC 2026
Cache sync 49 at Fri May  8 07:17:08 UTC 2026
Cache sync 50 at Fri May  8 07:17:08 UTC 2026
Cache sync 51 at Fri May  8 07:17:08 UTC 2026
Cache sync 52 at Fri May  8 07:17:08 UTC 2026
Cache sync 53 at Fri May  8 07:17:08 UTC 2026
Cache sync 54 at Fri May  8 07:17:08 UTC 2026
Cache sync 55 at Fri May  8 07:17:08 UTC 2026
Cache sync 56 at Fri May  8 07:17:08 UTC 2026
Cache sync 57 at Fri May  8 07:17:08 UTC 2026
Cache sync 58 at Fri May  8 07:17:08 UTC 2026
Cache sync 59 at Fri May  8 07:17:08 UTC 2026
Cache sync 60 at Fri May  8 07:17:08 UTC 2026
Cache sync 61 at Fri May  8 07:17:08 UTC 2026
Cache sync 62 at Fri May  8 07:17:08 UTC 2026
Cache sync 63 at Fri May  8 07:17:08 UTC 2026
Cache sync 64 at Fri May  8 07:17:08 UTC 2026
Cache sync 65 at Fri May  8 07:17:08 UTC 2026
Cache sync 66 at Fri May  8 07:17:08 UTC 2026
Cache sync 67 at Fri May  8 07:17:08 UTC 2026
Cache sync 68 at Fri May  8 07:17:08 UTC 2026
Cache sync 69 at Fri May  8 07:17:08 UTC 2026
Cache sync 70 at Fri May  8 07:17:08 UTC 2026
Cache sync 71 at Fri May  8 07:17:08 UTC 2026
Cache sync 1 at Fri May  8 13:10:22 UTC 2026
Cache sync 2 at Fri May  8 13:10:22 UTC 2026
Cache sync 3 at Fri May  8 13:10:22 UTC 2026
Cache sync 4 at Fri May  8 13:10:22 UTC 2026
Cache sync 5 at Fri May  8 13:10:22 UTC 2026
Cache sync 6 at Fri May  8 13:10:22 UTC 2026
Cache sync 7 at Fri May  8 13:10:22 UTC 2026
Cache sync 8 at Fri May  8 13:10:22 UTC 2026
Cache sync 9 at Fri May  8 13:10:22 UTC 2026
Cache sync 10 at Fri May  8 13:10:22 UTC 2026
Cache sync 11 at Fri May  8 13:10:22 UTC 2026
Cache sync 12 at Fri May  8 13:10:22 UTC 2026
Cache sync 13 at Fri May  8 13:10:22 UTC 2026
Cache sync 14 at Fri May  8 13:10:22 UTC 2026
Cache sync 15 at Fri May  8 13:10:22 UTC 2026
Cache sync 16 at Fri May  8 13:10:22 UTC 2026
Cache sync 17 at Fri May  8 13:10:22 UTC 2026
Cache sync 18 at Fri May  8 13:10:22 UTC 2026
Cache sync 19 at Fri May  8 13:10:22 UTC 2026
Cache sync 20 at Fri May  8 13:10:22 UTC 2026
Cache sync 21 at Fri May  8 13:10:22 UTC 2026
Cache sync 22 at Fri May  8 13:10:22 UTC 2026
Cache sync 23 at Fri May  8 13:10:22 UTC 2026
Cache sync 24 at Fri May  8 13:10:22 UTC 2026
Cache sync 25 at Fri May  8 13:10:22 UTC 2026
Cache sync 26 at Fri May  8 13:10:22 UTC 2026
Cache sync 27 at Fri May  8 13:10:22 UTC 2026
Cache sync 28 at Fri May  8 13:10:22 UTC 2026
Cache sync 29 at Fri May  8 13:10:22 UTC 2026
Cache sync 30 at Fri May  8 13:10:22 UTC 2026
Cache sync 31 at Fri May  8 13:10:22 UTC 2026
Cache sync 32 at Fri May  8 13:10:22 UTC 2026
Cache sync 33 at Fri May  8 13:10:22 UTC 2026
Cache sync 34 at Fri May  8 13:10:22 UTC 2026
Cache sync 35 at Fri May  8 13:10:22 UTC 2026
Cache sync 36 at Fri May  8 13:10:22 UTC 2026
Cache sync 37 at Fri May  8 13:10:22 UTC 2026
Cache sync 38 at Fri May  8 13:10:22 UTC 2026
Cache sync 39 at Fri May  8 13:10:22 UTC 2026
Cache sync 40 at Fri May  8 13:10:22 UTC 2026
Cache sync 41 at Fri May  8 13:10:22 UTC 2026
Cache sync 42 at Fri May  8 13:10:22 UTC 2026
Cache sync 43 at Fri May  8 13:10:22 UTC 2026
Cache sync 44 at Fri May  8 13:10:23 UTC 2026
Cache sync 45 at Fri May  8 13:10:23 UTC 2026
Cache sync 46 at Fri May  8 13:10:23 UTC 2026
Cache sync 47 at Fri May  8 13:10:23 UTC 2026
Cache sync 48 at Fri May  8 13:10:23 UTC 2026
Cache sync 49 at Fri May  8 13:10:23 UTC 2026
Cache sync 50 at Fri May  8 13:10:23 UTC 2026
Cache sync 51 at Fri May  8 13:10:23 UTC 2026
Cache sync 52 at Fri May  8 13:10:23 UTC 2026
Cache sync 53 at Fri May  8 13:10:23 UTC 2026
Cache sync 54 at Fri May  8 13:10:23 UTC 2026
Cache sync 55 at Fri May  8 13:10:23 UTC 2026
Cache sync 56 at Fri May  8 13:10:23 UTC 2026
Cache sync 57 at Fri May  8 13:10:23 UTC 2026
Cache sync 58 at Fri May  8 13:10:23 UTC 2026
Cache sync 59 at Fri May  8 13:10:23 UTC 2026
Cache sync 60 at Fri May  8 13:10:23 UTC 2026
Cache sync 61 at Fri May  8 13:10:23 UTC 2026
Cache sync 62 at Fri May  8 13:10:23 UTC 2026
Cache sync 63 at Fri May  8 13:10:23 UTC 2026
Cache sync 64 at Fri May  8 13:10:23 UTC 2026
Cache sync 65 at Fri May  8 13:10:23 UTC 2026
Cache sync 66 at Fri May  8 13:10:23 UTC 2026
Cache sync 67 at Fri May  8 13:10:23 UTC 2026
Cache sync 1 at Fri May  8 19:05:03 UTC 2026
Cache sync 2 at Fri May  8 19:05:03 UTC 2026
Cache sync 3 at Fri May  8 19:05:03 UTC 2026
Cache sync 4 at Fri May  8 19:05:03 UTC 2026
Cache sync 5 at Fri May  8 19:05:03 UTC 2026
Cache sync 6 at Fri May  8 19:05:03 UTC 2026
Cache sync 7 at Fri May  8 19:05:03 UTC 2026
Cache sync 8 at Fri May  8 19:05:03 UTC 2026
Cache sync 9 at Fri May  8 19:05:03 UTC 2026
Cache sync 10 at Fri May  8 19:05:03 UTC 2026
Cache sync 11 at Fri May  8 19:05:03 UTC 2026
Cache sync 12 at Fri May  8 19:05:03 UTC 2026
Cache sync 13 at Fri May  8 19:05:03 UTC 2026
Cache sync 14 at Fri May  8 19:05:03 UTC 2026
Cache sync 15 at Fri May  8 19:05:03 UTC 2026
Cache sync 16 at Fri May  8 19:05:03 UTC 2026
Cache sync 17 at Fri May  8 19:05:03 UTC 2026
Cache sync 18 at Fri May  8 19:05:03 UTC 2026
Cache sync 19 at Fri May  8 19:05:03 UTC 2026
Cache sync 20 at Fri May  8 19:05:03 UTC 2026
Cache sync 21 at Fri May  8 19:05:03 UTC 2026
Cache sync 22 at Fri May  8 19:05:03 UTC 2026
Cache sync 23 at Fri May  8 19:05:03 UTC 2026
Cache sync 24 at Fri May  8 19:05:03 UTC 2026
Cache sync 25 at Fri May  8 19:05:03 UTC 2026
Cache sync 26 at Fri May  8 19:05:03 UTC 2026
Cache sync 27 at Fri May  8 19:05:03 UTC 2026
Cache sync 28 at Fri May  8 19:05:03 UTC 2026
Cache sync 29 at Fri May  8 19:05:03 UTC 2026
Cache sync 30 at Fri May  8 19:05:03 UTC 2026
Cache sync 31 at Fri May  8 19:05:03 UTC 2026
Cache sync 32 at Fri May  8 19:05:03 UTC 2026
Cache sync 33 at Fri May  8 19:05:03 UTC 2026
Cache sync 34 at Fri May  8 19:05:03 UTC 2026
Cache sync 35 at Fri May  8 19:05:03 UTC 2026
Cache sync 36 at Fri May  8 19:05:03 UTC 2026
Cache sync 37 at Fri May  8 19:05:03 UTC 2026
Cache sync 38 at Fri May  8 19:05:03 UTC 2026
Cache sync 39 at Fri May  8 19:05:03 UTC 2026
Cache sync 40 at Fri May  8 19:05:03 UTC 2026
Cache sync 41 at Fri May  8 19:05:03 UTC 2026
Cache sync 42 at Fri May  8 19:05:03 UTC 2026
Cache sync 43 at Fri May  8 19:05:03 UTC 2026
Cache sync 44 at Fri May  8 19:05:03 UTC 2026
Cache sync 45 at Fri May  8 19:05:03 UTC 2026
Cache sync 46 at Fri May  8 19:05:03 UTC 2026
Cache sync 47 at Fri May  8 19:05:03 UTC 2026
Cache sync 48 at Fri May  8 19:05:03 UTC 2026
Cache sync 49 at Fri May  8 19:05:03 UTC 2026
Cache sync 50 at Fri May  8 19:05:03 UTC 2026
Cache sync 51 at Fri May  8 19:05:03 UTC 2026
Cache sync 52 at Fri May  8 19:05:03 UTC 2026
Cache sync 53 at Fri May  8 19:05:03 UTC 2026
Cache sync 54 at Fri May  8 19:05:03 UTC 2026
Cache sync 55 at Fri May  8 19:05:03 UTC 2026
Cache sync 56 at Fri May  8 19:05:03 UTC 2026
Cache sync 57 at Fri May  8 19:05:03 UTC 2026
Cache sync 58 at Fri May  8 19:05:03 UTC 2026
Cache sync 59 at Fri May  8 19:05:03 UTC 2026
Cache sync 1 at Sat May  9 02:02:28 UTC 2026
Cache sync 2 at Sat May  9 02:02:28 UTC 2026
Cache sync 3 at Sat May  9 02:02:28 UTC 2026
Cache sync 4 at Sat May  9 02:02:28 UTC 2026
Cache sync 5 at Sat May  9 02:02:28 UTC 2026
Cache sync 6 at Sat May  9 02:02:28 UTC 2026
Cache sync 7 at Sat May  9 02:02:29 UTC 2026
Cache sync 8 at Sat May  9 02:02:29 UTC 2026
Cache sync 9 at Sat May  9 02:02:29 UTC 2026
Cache sync 10 at Sat May  9 02:02:29 UTC 2026
Cache sync 11 at Sat May  9 02:02:29 UTC 2026
Cache sync 12 at Sat May  9 02:02:29 UTC 2026
Cache sync 13 at Sat May  9 02:02:29 UTC 2026
Cache sync 14 at Sat May  9 02:02:29 UTC 2026
Cache sync 15 at Sat May  9 02:02:29 UTC 2026
Cache sync 16 at Sat May  9 02:02:29 UTC 2026
Cache sync 17 at Sat May  9 02:02:29 UTC 2026
Cache sync 18 at Sat May  9 02:02:29 UTC 2026
Cache sync 19 at Sat May  9 02:02:29 UTC 2026
Cache sync 20 at Sat May  9 02:02:29 UTC 2026
Cache sync 21 at Sat May  9 02:02:29 UTC 2026
Cache sync 22 at Sat May  9 02:02:29 UTC 2026
Cache sync 23 at Sat May  9 02:02:29 UTC 2026
Cache sync 24 at Sat May  9 02:02:29 UTC 2026
Cache sync 25 at Sat May  9 02:02:29 UTC 2026
Cache sync 26 at Sat May  9 02:02:29 UTC 2026
Cache sync 27 at Sat May  9 02:02:29 UTC 2026
Cache sync 28 at Sat May  9 02:02:29 UTC 2026
Cache sync 29 at Sat May  9 02:02:29 UTC 2026
Cache sync 30 at Sat May  9 02:02:29 UTC 2026
Cache sync 31 at Sat May  9 02:02:29 UTC 2026
Cache sync 32 at Sat May  9 02:02:29 UTC 2026
Cache sync 33 at Sat May  9 02:02:29 UTC 2026
Cache sync 34 at Sat May  9 02:02:29 UTC 2026
Cache sync 35 at Sat May  9 02:02:29 UTC 2026
Cache sync 36 at Sat May  9 02:02:29 UTC 2026
Cache sync 37 at Sat May  9 02:02:29 UTC 2026
Cache sync 38 at Sat May  9 02:02:29 UTC 2026
Cache sync 39 at Sat May  9 02:02:29 UTC 2026
Cache sync 40 at Sat May  9 02:02:29 UTC 2026
Cache sync 41 at Sat May  9 02:02:29 UTC 2026
Cache sync 42 at Sat May  9 02:02:29 UTC 2026
Cache sync 43 at Sat May  9 02:02:29 UTC 2026
Cache sync 44 at Sat May  9 02:02:29 UTC 2026
Cache sync 45 at Sat May  9 02:02:29 UTC 2026
Cache sync 46 at Sat May  9 02:02:29 UTC 2026
Cache sync 47 at Sat May  9 02:02:29 UTC 2026
Cache sync 48 at Sat May  9 02:02:29 UTC 2026
Cache sync 49 at Sat May  9 02:02:29 UTC 2026
Cache sync 50 at Sat May  9 02:02:29 UTC 2026
Cache sync 51 at Sat May  9 02:02:29 UTC 2026
Cache sync 52 at Sat May  9 02:02:29 UTC 2026
Cache sync 53 at Sat May  9 02:02:29 UTC 2026
Cache sync 54 at Sat May  9 02:02:29 UTC 2026
Cache sync 55 at Sat May  9 02:02:29 UTC 2026
Cache sync 56 at Sat May  9 02:02:29 UTC 2026
Cache sync 57 at Sat May  9 02:02:29 UTC 2026
Cache sync 1 at Sat May  9 07:44:09 UTC 2026
Cache sync 2 at Sat May  9 07:44:09 UTC 2026
Cache sync 3 at Sat May  9 07:44:09 UTC 2026
Cache sync 4 at Sat May  9 07:44:09 UTC 2026
Cache sync 5 at Sat May  9 07:44:09 UTC 2026
Cache sync 6 at Sat May  9 07:44:09 UTC 2026
Cache sync 7 at Sat May  9 07:44:09 UTC 2026
Cache sync 8 at Sat May  9 07:44:09 UTC 2026
Cache sync 1 at Sat May  9 12:55:30 UTC 2026
Cache sync 2 at Sat May  9 12:55:30 UTC 2026
Cache sync 3 at Sat May  9 12:55:30 UTC 2026
Cache sync 4 at Sat May  9 12:55:30 UTC 2026
Cache sync 5 at Sat May  9 12:55:30 UTC 2026
Cache sync 6 at Sat May  9 12:55:30 UTC 2026
Cache sync 7 at Sat May  9 12:55:30 UTC 2026
Cache sync 8 at Sat May  9 12:55:30 UTC 2026
Cache sync 9 at Sat May  9 12:55:30 UTC 2026
Cache sync 10 at Sat May  9 12:55:30 UTC 2026
Cache sync 11 at Sat May  9 12:55:30 UTC 2026
Cache sync 12 at Sat May  9 12:55:30 UTC 2026
Cache sync 13 at Sat May  9 12:55:30 UTC 2026
Cache sync 14 at Sat May  9 12:55:30 UTC 2026
Cache sync 15 at Sat May  9 12:55:30 UTC 2026
Cache sync 16 at Sat May  9 12:55:30 UTC 2026
Cache sync 17 at Sat May  9 12:55:30 UTC 2026
Cache sync 18 at Sat May  9 12:55:30 UTC 2026
Cache sync 19 at Sat May  9 12:55:30 UTC 2026
Cache sync 20 at Sat May  9 12:55:30 UTC 2026
Cache sync 21 at Sat May  9 12:55:30 UTC 2026
Cache sync 22 at Sat May  9 12:55:30 UTC 2026
Cache sync 23 at Sat May  9 12:55:30 UTC 2026
Cache sync 24 at Sat May  9 12:55:30 UTC 2026
Cache sync 25 at Sat May  9 12:55:30 UTC 2026
Cache sync 26 at Sat May  9 12:55:30 UTC 2026
Cache sync 27 at Sat May  9 12:55:30 UTC 2026
Cache sync 28 at Sat May  9 12:55:30 UTC 2026
Cache sync 29 at Sat May  9 12:55:30 UTC 2026
Cache sync 1 at Sun May 10 02:02:42 UTC 2026
Cache sync 2 at Sun May 10 02:02:42 UTC 2026
Cache sync 3 at Sun May 10 02:02:43 UTC 2026
Cache sync 4 at Sun May 10 02:02:43 UTC 2026
Cache sync 5 at Sun May 10 02:02:43 UTC 2026
Cache sync 6 at Sun May 10 02:02:43 UTC 2026
Cache sync 7 at Sun May 10 02:02:43 UTC 2026
Cache sync 8 at Sun May 10 02:02:43 UTC 2026
Cache sync 9 at Sun May 10 02:02:43 UTC 2026
Cache sync 10 at Sun May 10 02:02:43 UTC 2026
Cache sync 11 at Sun May 10 02:02:43 UTC 2026
Cache sync 12 at Sun May 10 02:02:43 UTC 2026
Cache sync 13 at Sun May 10 02:02:43 UTC 2026
Cache sync 14 at Sun May 10 02:02:43 UTC 2026
Cache sync 15 at Sun May 10 02:02:43 UTC 2026
Cache sync 16 at Sun May 10 02:02:43 UTC 2026
Cache sync 17 at Sun May 10 02:02:43 UTC 2026
Cache sync 18 at Sun May 10 02:02:43 UTC 2026
Cache sync 19 at Sun May 10 02:02:43 UTC 2026
Cache sync 20 at Sun May 10 02:02:43 UTC 2026
Cache sync 21 at Sun May 10 02:02:43 UTC 2026
Cache sync 22 at Sun May 10 02:02:43 UTC 2026
Cache sync 23 at Sun May 10 02:02:43 UTC 2026
Cache sync 24 at Sun May 10 02:02:43 UTC 2026
Cache sync 25 at Sun May 10 02:02:44 UTC 2026
Cache sync 26 at Sun May 10 02:02:44 UTC 2026
Cache sync 27 at Sun May 10 02:02:44 UTC 2026
Cache sync 28 at Sun May 10 02:02:44 UTC 2026
Cache sync 29 at Sun May 10 02:02:44 UTC 2026
Cache sync 30 at Sun May 10 02:02:44 UTC 2026
Cache sync 31 at Sun May 10 02:02:44 UTC 2026
Cache sync 32 at Sun May 10 02:02:44 UTC 2026
Cache sync 33 at Sun May 10 02:02:44 UTC 2026
Cache sync 34 at Sun May 10 02:02:44 UTC 2026
Cache sync 35 at Sun May 10 02:02:44 UTC 2026
Cache sync 36 at Sun May 10 02:02:44 UTC 2026
Cache sync 37 at Sun May 10 02:02:44 UTC 2026
Cache sync 1 at Sun May 10 07:57:49 UTC 2026
Cache sync 2 at Sun May 10 07:57:49 UTC 2026
Cache sync 3 at Sun May 10 07:57:49 UTC 2026
Cache sync 4 at Sun May 10 07:57:49 UTC 2026
Cache sync 5 at Sun May 10 07:57:49 UTC 2026
Cache sync 6 at Sun May 10 07:57:49 UTC 2026
Cache sync 7 at Sun May 10 07:57:49 UTC 2026
Cache sync 8 at Sun May 10 07:57:49 UTC 2026
Cache sync 9 at Sun May 10 07:57:49 UTC 2026
Cache sync 10 at Sun May 10 07:57:49 UTC 2026
Cache sync 11 at Sun May 10 07:57:49 UTC 2026
Cache sync 12 at Sun May 10 07:57:49 UTC 2026
Cache sync 13 at Sun May 10 07:57:49 UTC 2026
Cache sync 14 at Sun May 10 07:57:49 UTC 2026
Cache sync 15 at Sun May 10 07:57:49 UTC 2026
Cache sync 16 at Sun May 10 07:57:49 UTC 2026
Cache sync 17 at Sun May 10 07:57:49 UTC 2026
Cache sync 18 at Sun May 10 07:57:49 UTC 2026
Cache sync 19 at Sun May 10 07:57:49 UTC 2026
Cache sync 20 at Sun May 10 07:57:49 UTC 2026
Cache sync 21 at Sun May 10 07:57:49 UTC 2026
Cache sync 22 at Sun May 10 07:57:49 UTC 2026
Cache sync 23 at Sun May 10 07:57:49 UTC 2026
Cache sync 24 at Sun May 10 07:57:49 UTC 2026
Cache sync 25 at Sun May 10 07:57:49 UTC 2026
Cache sync 26 at Sun May 10 07:57:49 UTC 2026
Cache sync 27 at Sun May 10 07:57:49 UTC 2026
Cache sync 28 at Sun May 10 07:57:49 UTC 2026
Cache sync 29 at Sun May 10 07:57:49 UTC 2026
Cache sync 30 at Sun May 10 07:57:49 UTC 2026
Cache sync 31 at Sun May 10 07:57:49 UTC 2026
Cache sync 32 at Sun May 10 07:57:49 UTC 2026
Cache sync 33 at Sun May 10 07:57:49 UTC 2026
Cache sync 34 at Sun May 10 07:57:49 UTC 2026
Cache sync 35 at Sun May 10 07:57:50 UTC 2026
Cache sync 36 at Sun May 10 07:57:50 UTC 2026
Cache sync 37 at Sun May 10 07:57:50 UTC 2026
Cache sync 38 at Sun May 10 07:57:50 UTC 2026
Cache sync 39 at Sun May 10 07:57:50 UTC 2026
Cache sync 40 at Sun May 10 07:57:50 UTC 2026
Cache sync 41 at Sun May 10 07:57:50 UTC 2026
Cache sync 42 at Sun May 10 07:57:50 UTC 2026
Cache sync 43 at Sun May 10 07:57:50 UTC 2026
Cache sync 44 at Sun May 10 07:57:50 UTC 2026
Cache sync 45 at Sun May 10 07:57:50 UTC 2026
Cache sync 46 at Sun May 10 07:57:50 UTC 2026
Cache sync 47 at Sun May 10 07:57:50 UTC 2026
Cache sync 48 at Sun May 10 07:57:50 UTC 2026
Cache sync 49 at Sun May 10 07:57:50 UTC 2026
Cache sync 50 at Sun May 10 07:57:50 UTC 2026
Cache sync 51 at Sun May 10 07:57:50 UTC 2026
Cache sync 52 at Sun May 10 07:57:50 UTC 2026
Cache sync 53 at Sun May 10 07:57:50 UTC 2026
Cache sync 54 at Sun May 10 07:57:50 UTC 2026
Cache sync 55 at Sun May 10 07:57:50 UTC 2026
Cache sync 56 at Sun May 10 07:57:50 UTC 2026
Cache sync 57 at Sun May 10 07:57:50 UTC 2026
Cache sync 58 at Sun May 10 07:57:50 UTC 2026
Cache sync 59 at Sun May 10 07:57:50 UTC 2026
Cache sync 1 at Sun May 10 12:56:44 UTC 2026
Cache sync 2 at Sun May 10 12:56:44 UTC 2026
Cache sync 3 at Sun May 10 12:56:44 UTC 2026
Cache sync 4 at Sun May 10 12:56:44 UTC 2026
Cache sync 5 at Sun May 10 12:56:44 UTC 2026
Cache sync 6 at Sun May 10 12:56:44 UTC 2026
Cache sync 7 at Sun May 10 12:56:44 UTC 2026
Cache sync 8 at Sun May 10 12:56:44 UTC 2026
Cache sync 9 at Sun May 10 12:56:44 UTC 2026
Cache sync 10 at Sun May 10 12:56:44 UTC 2026
Cache sync 11 at Sun May 10 12:56:44 UTC 2026
Cache sync 12 at Sun May 10 12:56:44 UTC 2026
Cache sync 13 at Sun May 10 12:56:44 UTC 2026
Cache sync 14 at Sun May 10 12:56:44 UTC 2026
Cache sync 15 at Sun May 10 12:56:44 UTC 2026
Cache sync 16 at Sun May 10 12:56:44 UTC 2026
Cache sync 17 at Sun May 10 12:56:44 UTC 2026
Cache sync 18 at Sun May 10 12:56:44 UTC 2026
Cache sync 19 at Sun May 10 12:56:44 UTC 2026
Cache sync 20 at Sun May 10 12:56:44 UTC 2026
Cache sync 21 at Sun May 10 12:56:44 UTC 2026
Cache sync 22 at Sun May 10 12:56:44 UTC 2026
Cache sync 23 at Sun May 10 12:56:44 UTC 2026
Cache sync 24 at Sun May 10 12:56:44 UTC 2026
Cache sync 25 at Sun May 10 12:56:44 UTC 2026
Cache sync 26 at Sun May 10 12:56:44 UTC 2026
Cache sync 27 at Sun May 10 12:56:44 UTC 2026
Cache sync 28 at Sun May 10 12:56:44 UTC 2026
Cache sync 29 at Sun May 10 12:56:44 UTC 2026
Cache sync 30 at Sun May 10 12:56:44 UTC 2026
Cache sync 31 at Sun May 10 12:56:44 UTC 2026
Cache sync 32 at Sun May 10 12:56:44 UTC 2026
Cache sync 33 at Sun May 10 12:56:44 UTC 2026
Cache sync 34 at Sun May 10 12:56:44 UTC 2026
Cache sync 35 at Sun May 10 12:56:44 UTC 2026
Cache sync 36 at Sun May 10 12:56:44 UTC 2026
Cache sync 37 at Sun May 10 12:56:44 UTC 2026
Cache sync 38 at Sun May 10 12:56:44 UTC 2026
Cache sync 39 at Sun May 10 12:56:44 UTC 2026
Cache sync 40 at Sun May 10 12:56:44 UTC 2026
Cache sync 41 at Sun May 10 12:56:44 UTC 2026
Cache sync 42 at Sun May 10 12:56:44 UTC 2026
Cache sync 43 at Sun May 10 12:56:44 UTC 2026
Cache sync 44 at Sun May 10 12:56:44 UTC 2026
Cache sync 45 at Sun May 10 12:56:44 UTC 2026
Cache sync 46 at Sun May 10 12:56:44 UTC 2026
Cache sync 47 at Sun May 10 12:56:44 UTC 2026
Cache sync 48 at Sun May 10 12:56:44 UTC 2026
Cache sync 49 at Sun May 10 12:56:44 UTC 2026
Cache sync 50 at Sun May 10 12:56:44 UTC 2026
Cache sync 51 at Sun May 10 12:56:44 UTC 2026
Cache sync 52 at Sun May 10 12:56:44 UTC 2026
Cache sync 53 at Sun May 10 12:56:44 UTC 2026
Cache sync 54 at Sun May 10 12:56:44 UTC 2026
Cache sync 55 at Sun May 10 12:56:44 UTC 2026
Cache sync 56 at Sun May 10 12:56:44 UTC 2026
Cache sync 57 at Sun May 10 12:56:44 UTC 2026
Cache sync 58 at Sun May 10 12:56:44 UTC 2026
Cache sync 59 at Sun May 10 12:56:44 UTC 2026
Cache sync 60 at Sun May 10 12:56:44 UTC 2026
Cache sync 61 at Sun May 10 12:56:44 UTC 2026
Cache sync 62 at Sun May 10 12:56:44 UTC 2026
Cache sync 63 at Sun May 10 12:56:44 UTC 2026
Cache sync 64 at Sun May 10 12:56:44 UTC 2026
Cache sync 65 at Sun May 10 12:56:44 UTC 2026
Cache sync 66 at Sun May 10 12:56:44 UTC 2026
Cache sync 67 at Sun May 10 12:56:44 UTC 2026
Cache sync 68 at Sun May 10 12:56:44 UTC 2026
Cache sync 69 at Sun May 10 12:56:44 UTC 2026
Cache sync 70 at Sun May 10 12:56:44 UTC 2026
Cache sync 71 at Sun May 10 12:56:44 UTC 2026
Cache sync 72 at Sun May 10 12:56:44 UTC 2026
Cache sync 73 at Sun May 10 12:56:44 UTC 2026
Cache sync 74 at Sun May 10 12:56:44 UTC 2026
Cache sync 75 at Sun May 10 12:56:44 UTC 2026
Cache sync 76 at Sun May 10 12:56:44 UTC 2026
Cache sync 77 at Sun May 10 12:56:44 UTC 2026
Cache sync 78 at Sun May 10 12:56:44 UTC 2026
Cache sync 79 at Sun May 10 12:56:44 UTC 2026
Cache sync 1 at Sun May 10 18:48:12 UTC 2026
Cache sync 2 at Sun May 10 18:48:12 UTC 2026
Cache sync 3 at Sun May 10 18:48:12 UTC 2026
Cache sync 4 at Sun May 10 18:48:12 UTC 2026
Cache sync 5 at Sun May 10 18:48:12 UTC 2026
Cache sync 6 at Sun May 10 18:48:12 UTC 2026
Cache sync 1 at Mon May 11 02:11:59 UTC 2026
Cache sync 2 at Mon May 11 02:11:59 UTC 2026
Cache sync 3 at Mon May 11 02:11:59 UTC 2026
Cache sync 4 at Mon May 11 02:11:59 UTC 2026
Cache sync 5 at Mon May 11 02:11:59 UTC 2026
Cache sync 6 at Mon May 11 02:11:59 UTC 2026
Cache sync 7 at Mon May 11 02:11:59 UTC 2026
Cache sync 8 at Mon May 11 02:11:59 UTC 2026
Cache sync 9 at Mon May 11 02:11:59 UTC 2026
Cache sync 10 at Mon May 11 02:11:59 UTC 2026
Cache sync 11 at Mon May 11 02:11:59 UTC 2026
Cache sync 12 at Mon May 11 02:11:59 UTC 2026
Cache sync 13 at Mon May 11 02:11:59 UTC 2026
Cache sync 14 at Mon May 11 02:11:59 UTC 2026
Cache sync 15 at Mon May 11 02:11:59 UTC 2026
Cache sync 16 at Mon May 11 02:11:59 UTC 2026
Cache sync 17 at Mon May 11 02:11:59 UTC 2026
Cache sync 18 at Mon May 11 02:11:59 UTC 2026
Cache sync 19 at Mon May 11 02:11:59 UTC 2026
Cache sync 20 at Mon May 11 02:11:59 UTC 2026
Cache sync 21 at Mon May 11 02:11:59 UTC 2026
Cache sync 22 at Mon May 11 02:11:59 UTC 2026
Cache sync 23 at Mon May 11 02:11:59 UTC 2026
Cache sync 24 at Mon May 11 02:11:59 UTC 2026
Cache sync 25 at Mon May 11 02:11:59 UTC 2026
Cache sync 26 at Mon May 11 02:11:59 UTC 2026
Cache sync 27 at Mon May 11 02:11:59 UTC 2026
Cache sync 28 at Mon May 11 02:11:59 UTC 2026
Cache sync 29 at Mon May 11 02:11:59 UTC 2026
Cache sync 30 at Mon May 11 02:11:59 UTC 2026
Cache sync 31 at Mon May 11 02:11:59 UTC 2026
Cache sync 32 at Mon May 11 02:11:59 UTC 2026
Cache sync 33 at Mon May 11 02:11:59 UTC 2026
Cache sync 34 at Mon May 11 02:11:59 UTC 2026
Cache sync 35 at Mon May 11 02:11:59 UTC 2026
Cache sync 36 at Mon May 11 02:11:59 UTC 2026
Cache sync 37 at Mon May 11 02:11:59 UTC 2026
Cache sync 38 at Mon May 11 02:11:59 UTC 2026
Cache sync 39 at Mon May 11 02:11:59 UTC 2026
Cache sync 40 at Mon May 11 02:11:59 UTC 2026
Cache sync 41 at Mon May 11 02:11:59 UTC 2026
Cache sync 42 at Mon May 11 02:11:59 UTC 2026
Cache sync 43 at Mon May 11 02:11:59 UTC 2026
Cache sync 44 at Mon May 11 02:11:59 UTC 2026
Cache sync 45 at Mon May 11 02:11:59 UTC 2026
Cache sync 46 at Mon May 11 02:11:59 UTC 2026
Cache sync 47 at Mon May 11 02:11:59 UTC 2026
Cache sync 48 at Mon May 11 02:11:59 UTC 2026
Cache sync 49 at Mon May 11 02:11:59 UTC 2026
Cache sync 50 at Mon May 11 02:11:59 UTC 2026
Cache sync 51 at Mon May 11 02:11:59 UTC 2026
Cache sync 52 at Mon May 11 02:11:59 UTC 2026
Cache sync 53 at Mon May 11 02:11:59 UTC 2026
Cache sync 54 at Mon May 11 02:11:59 UTC 2026
Cache sync 55 at Mon May 11 02:11:59 UTC 2026
Cache sync 56 at Mon May 11 02:11:59 UTC 2026
Cache sync 57 at Mon May 11 02:11:59 UTC 2026
Cache sync 58 at Mon May 11 02:11:59 UTC 2026
Cache sync 59 at Mon May 11 02:11:59 UTC 2026
Cache sync 60 at Mon May 11 02:11:59 UTC 2026
Cache sync 61 at Mon May 11 02:11:59 UTC 2026
Cache sync 62 at Mon May 11 02:11:59 UTC 2026
Cache sync 63 at Mon May 11 02:11:59 UTC 2026
Cache sync 64 at Mon May 11 02:11:59 UTC 2026
Cache sync 65 at Mon May 11 02:11:59 UTC 2026
Cache sync 66 at Mon May 11 02:11:59 UTC 2026
Cache sync 67 at Mon May 11 02:11:59 UTC 2026
Cache sync 68 at Mon May 11 02:12:00 UTC 2026
Cache sync 69 at Mon May 11 02:12:00 UTC 2026
Cache sync 70 at Mon May 11 02:12:00 UTC 2026
Cache sync 1 at Mon May 11 08:59:28 UTC 2026
Cache sync 2 at Mon May 11 08:59:28 UTC 2026
Cache sync 3 at Mon May 11 08:59:28 UTC 2026
Cache sync 4 at Mon May 11 08:59:28 UTC 2026
Cache sync 5 at Mon May 11 08:59:28 UTC 2026
Cache sync 6 at Mon May 11 08:59:28 UTC 2026
Cache sync 7 at Mon May 11 08:59:28 UTC 2026
Cache sync 8 at Mon May 11 08:59:28 UTC 2026
Cache sync 9 at Mon May 11 08:59:28 UTC 2026
Cache sync 10 at Mon May 11 08:59:28 UTC 2026
Cache sync 11 at Mon May 11 08:59:28 UTC 2026
Cache sync 12 at Mon May 11 08:59:28 UTC 2026
Cache sync 13 at Mon May 11 08:59:28 UTC 2026
Cache sync 14 at Mon May 11 08:59:28 UTC 2026
Cache sync 15 at Mon May 11 08:59:28 UTC 2026
Cache sync 16 at Mon May 11 08:59:28 UTC 2026
Cache sync 17 at Mon May 11 08:59:28 UTC 2026
Cache sync 18 at Mon May 11 08:59:28 UTC 2026
Cache sync 19 at Mon May 11 08:59:28 UTC 2026
Cache sync 20 at Mon May 11 08:59:28 UTC 2026
Cache sync 21 at Mon May 11 08:59:28 UTC 2026
Cache sync 22 at Mon May 11 08:59:28 UTC 2026
Cache sync 23 at Mon May 11 08:59:28 UTC 2026
Cache sync 24 at Mon May 11 08:59:28 UTC 2026
Cache sync 25 at Mon May 11 08:59:28 UTC 2026
Cache sync 26 at Mon May 11 08:59:28 UTC 2026
Cache sync 27 at Mon May 11 08:59:28 UTC 2026
Cache sync 28 at Mon May 11 08:59:28 UTC 2026
Cache sync 29 at Mon May 11 08:59:28 UTC 2026
Cache sync 30 at Mon May 11 08:59:28 UTC 2026
Cache sync 31 at Mon May 11 08:59:28 UTC 2026
Cache sync 1 at Mon May 11 14:29:24 UTC 2026
Cache sync 2 at Mon May 11 14:29:24 UTC 2026
Cache sync 3 at Mon May 11 14:29:24 UTC 2026
Cache sync 4 at Mon May 11 14:29:24 UTC 2026
Cache sync 5 at Mon May 11 14:29:24 UTC 2026
Cache sync 6 at Mon May 11 14:29:24 UTC 2026
Cache sync 7 at Mon May 11 14:29:24 UTC 2026
Cache sync 8 at Mon May 11 14:29:24 UTC 2026
Cache sync 9 at Mon May 11 14:29:24 UTC 2026
Cache sync 10 at Mon May 11 14:29:24 UTC 2026
Cache sync 11 at Mon May 11 14:29:24 UTC 2026
Cache sync 12 at Mon May 11 14:29:24 UTC 2026
Cache sync 13 at Mon May 11 14:29:24 UTC 2026
Cache sync 14 at Mon May 11 14:29:24 UTC 2026
Cache sync 15 at Mon May 11 14:29:24 UTC 2026
Cache sync 16 at Mon May 11 14:29:24 UTC 2026
Cache sync 17 at Mon May 11 14:29:24 UTC 2026
Cache sync 18 at Mon May 11 14:29:24 UTC 2026
Cache sync 19 at Mon May 11 14:29:24 UTC 2026
Cache sync 20 at Mon May 11 14:29:24 UTC 2026
Cache sync 21 at Mon May 11 14:29:24 UTC 2026
Cache sync 22 at Mon May 11 14:29:24 UTC 2026
Cache sync 23 at Mon May 11 14:29:24 UTC 2026
Cache sync 24 at Mon May 11 14:29:24 UTC 2026
Cache sync 25 at Mon May 11 14:29:24 UTC 2026
Cache sync 26 at Mon May 11 14:29:24 UTC 2026
Cache sync 27 at Mon May 11 14:29:24 UTC 2026
Cache sync 28 at Mon May 11 14:29:24 UTC 2026
Cache sync 29 at Mon May 11 14:29:24 UTC 2026
Cache sync 1 at Mon May 11 19:28:10 UTC 2026
Cache sync 2 at Mon May 11 19:28:10 UTC 2026
Cache sync 3 at Mon May 11 19:28:10 UTC 2026
Cache sync 4 at Mon May 11 19:28:10 UTC 2026
Cache sync 5 at Mon May 11 19:28:10 UTC 2026
Cache sync 6 at Mon May 11 19:28:10 UTC 2026
Cache sync 7 at Mon May 11 19:28:10 UTC 2026
Cache sync 8 at Mon May 11 19:28:10 UTC 2026
Cache sync 9 at Mon May 11 19:28:10 UTC 2026
Cache sync 10 at Mon May 11 19:28:10 UTC 2026
Cache sync 11 at Mon May 11 19:28:10 UTC 2026
Cache sync 12 at Mon May 11 19:28:10 UTC 2026
Cache sync 13 at Mon May 11 19:28:10 UTC 2026
Cache sync 14 at Mon May 11 19:28:10 UTC 2026
Cache sync 15 at Mon May 11 19:28:10 UTC 2026
Cache sync 16 at Mon May 11 19:28:10 UTC 2026
Cache sync 17 at Mon May 11 19:28:10 UTC 2026
Cache sync 18 at Mon May 11 19:28:10 UTC 2026
Cache sync 19 at Mon May 11 19:28:10 UTC 2026
Cache sync 20 at Mon May 11 19:28:10 UTC 2026
Cache sync 21 at Mon May 11 19:28:10 UTC 2026
Cache sync 22 at Mon May 11 19:28:10 UTC 2026
Cache sync 23 at Mon May 11 19:28:10 UTC 2026
Cache sync 24 at Mon May 11 19:28:10 UTC 2026
Cache sync 25 at Mon May 11 19:28:10 UTC 2026
Cache sync 26 at Mon May 11 19:28:10 UTC 2026
Cache sync 27 at Mon May 11 19:28:10 UTC 2026
Cache sync 28 at Mon May 11 19:28:10 UTC 2026
Cache sync 29 at Mon May 11 19:28:10 UTC 2026
Cache sync 30 at Mon May 11 19:28:10 UTC 2026
Cache sync 31 at Mon May 11 19:28:10 UTC 2026
Cache sync 32 at Mon May 11 19:28:10 UTC 2026
Cache sync 33 at Mon May 11 19:28:10 UTC 2026
Cache sync 34 at Mon May 11 19:28:10 UTC 2026
Cache sync 35 at Mon May 11 19:28:10 UTC 2026
Cache sync 36 at Mon May 11 19:28:10 UTC 2026
Cache sync 1 at Tue May 12 02:07:32 UTC 2026
Cache sync 2 at Tue May 12 02:07:32 UTC 2026
Cache sync 3 at Tue May 12 02:07:32 UTC 2026
Cache sync 4 at Tue May 12 02:07:32 UTC 2026
Cache sync 5 at Tue May 12 02:07:32 UTC 2026
Cache sync 6 at Tue May 12 02:07:32 UTC 2026
Cache sync 7 at Tue May 12 02:07:32 UTC 2026
Cache sync 8 at Tue May 12 02:07:32 UTC 2026
Cache sync 9 at Tue May 12 02:07:32 UTC 2026
Cache sync 10 at Tue May 12 02:07:32 UTC 2026
Cache sync 11 at Tue May 12 02:07:32 UTC 2026
Cache sync 12 at Tue May 12 02:07:32 UTC 2026
Cache sync 13 at Tue May 12 02:07:32 UTC 2026
Cache sync 14 at Tue May 12 02:07:32 UTC 2026
Cache sync 15 at Tue May 12 02:07:32 UTC 2026
Cache sync 16 at Tue May 12 02:07:32 UTC 2026
Cache sync 17 at Tue May 12 02:07:32 UTC 2026
Cache sync 18 at Tue May 12 02:07:32 UTC 2026
Cache sync 19 at Tue May 12 02:07:32 UTC 2026
Cache sync 20 at Tue May 12 02:07:32 UTC 2026
Cache sync 21 at Tue May 12 02:07:32 UTC 2026
Cache sync 22 at Tue May 12 02:07:32 UTC 2026
Cache sync 23 at Tue May 12 02:07:32 UTC 2026
Cache sync 24 at Tue May 12 02:07:32 UTC 2026
Cache sync 25 at Tue May 12 02:07:32 UTC 2026
Cache sync 26 at Tue May 12 02:07:32 UTC 2026
Cache sync 27 at Tue May 12 02:07:32 UTC 2026
Cache sync 28 at Tue May 12 02:07:32 UTC 2026
Cache sync 29 at Tue May 12 02:07:32 UTC 2026
Cache sync 30 at Tue May 12 02:07:32 UTC 2026
Cache sync 31 at Tue May 12 02:07:32 UTC 2026
Cache sync 32 at Tue May 12 02:07:32 UTC 2026
Cache sync 33 at Tue May 12 02:07:32 UTC 2026
Cache sync 34 at Tue May 12 02:07:32 UTC 2026
Cache sync 35 at Tue May 12 02:07:32 UTC 2026
Cache sync 36 at Tue May 12 02:07:32 UTC 2026
Cache sync 37 at Tue May 12 02:07:32 UTC 2026
Cache sync 38 at Tue May 12 02:07:32 UTC 2026
Cache sync 39 at Tue May 12 02:07:32 UTC 2026
Cache sync 1 at Tue May 12 08:27:27 UTC 2026
Cache sync 2 at Tue May 12 08:27:27 UTC 2026
Cache sync 3 at Tue May 12 08:27:27 UTC 2026
Cache sync 4 at Tue May 12 08:27:27 UTC 2026
Cache sync 5 at Tue May 12 08:27:27 UTC 2026
Cache sync 6 at Tue May 12 08:27:27 UTC 2026
Cache sync 7 at Tue May 12 08:27:27 UTC 2026
Cache sync 8 at Tue May 12 08:27:27 UTC 2026
Cache sync 9 at Tue May 12 08:27:27 UTC 2026
Cache sync 10 at Tue May 12 08:27:27 UTC 2026
Cache sync 11 at Tue May 12 08:27:27 UTC 2026
Cache sync 12 at Tue May 12 08:27:27 UTC 2026
Cache sync 13 at Tue May 12 08:27:27 UTC 2026
Cache sync 14 at Tue May 12 08:27:27 UTC 2026
Cache sync 15 at Tue May 12 08:27:27 UTC 2026
Cache sync 16 at Tue May 12 08:27:27 UTC 2026
Cache sync 17 at Tue May 12 08:27:27 UTC 2026
Cache sync 18 at Tue May 12 08:27:27 UTC 2026
Cache sync 19 at Tue May 12 08:27:27 UTC 2026
Cache sync 20 at Tue May 12 08:27:27 UTC 2026
Cache sync 21 at Tue May 12 08:27:27 UTC 2026
Cache sync 22 at Tue May 12 08:27:27 UTC 2026
Cache sync 1 at Tue May 12 13:56:49 UTC 2026
Cache sync 2 at Tue May 12 13:56:49 UTC 2026
Cache sync 3 at Tue May 12 13:56:49 UTC 2026
Cache sync 4 at Tue May 12 13:56:49 UTC 2026
Cache sync 5 at Tue May 12 13:56:49 UTC 2026
Cache sync 6 at Tue May 12 13:56:49 UTC 2026
Cache sync 7 at Tue May 12 13:56:49 UTC 2026
Cache sync 8 at Tue May 12 13:56:49 UTC 2026
Cache sync 9 at Tue May 12 13:56:49 UTC 2026
Cache sync 10 at Tue May 12 13:56:49 UTC 2026
Cache sync 11 at Tue May 12 13:56:49 UTC 2026
Cache sync 12 at Tue May 12 13:56:49 UTC 2026
Cache sync 13 at Tue May 12 13:56:49 UTC 2026
Cache sync 14 at Tue May 12 13:56:49 UTC 2026
Cache sync 15 at Tue May 12 13:56:49 UTC 2026
Cache sync 16 at Tue May 12 13:56:49 UTC 2026
Cache sync 17 at Tue May 12 13:56:49 UTC 2026
Cache sync 18 at Tue May 12 13:56:49 UTC 2026
Cache sync 19 at Tue May 12 13:56:49 UTC 2026
Cache sync 20 at Tue May 12 13:56:49 UTC 2026
Cache sync 21 at Tue May 12 13:56:49 UTC 2026
Cache sync 22 at Tue May 12 13:56:49 UTC 2026
Cache sync 23 at Tue May 12 13:56:49 UTC 2026
Cache sync 24 at Tue May 12 13:56:49 UTC 2026
Cache sync 25 at Tue May 12 13:56:49 UTC 2026
Cache sync 26 at Tue May 12 13:56:49 UTC 2026
Cache sync 27 at Tue May 12 13:56:49 UTC 2026
Cache sync 28 at Tue May 12 13:56:49 UTC 2026
Cache sync 29 at Tue May 12 13:56:49 UTC 2026
Cache sync 30 at Tue May 12 13:56:49 UTC 2026
Cache sync 31 at Tue May 12 13:56:49 UTC 2026
Cache sync 32 at Tue May 12 13:56:49 UTC 2026
Cache sync 33 at Tue May 12 13:56:49 UTC 2026
Cache sync 34 at Tue May 12 13:56:49 UTC 2026
Cache sync 35 at Tue May 12 13:56:49 UTC 2026
Cache sync 36 at Tue May 12 13:56:49 UTC 2026
Cache sync 37 at Tue May 12 13:56:49 UTC 2026
Cache sync 38 at Tue May 12 13:56:49 UTC 2026
Cache sync 39 at Tue May 12 13:56:49 UTC 2026
Cache sync 40 at Tue May 12 13:56:49 UTC 2026
Cache sync 41 at Tue May 12 13:56:49 UTC 2026
Cache sync 42 at Tue May 12 13:56:49 UTC 2026
Cache sync 43 at Tue May 12 13:56:49 UTC 2026
Cache sync 44 at Tue May 12 13:56:49 UTC 2026
Cache sync 45 at Tue May 12 13:56:49 UTC 2026
Cache sync 46 at Tue May 12 13:56:49 UTC 2026
Cache sync 47 at Tue May 12 13:56:49 UTC 2026
Cache sync 48 at Tue May 12 13:56:49 UTC 2026
Cache sync 49 at Tue May 12 13:56:49 UTC 2026
Cache sync 50 at Tue May 12 13:56:49 UTC 2026
Cache sync 51 at Tue May 12 13:56:49 UTC 2026
Cache sync 52 at Tue May 12 13:56:49 UTC 2026
Cache sync 53 at Tue May 12 13:56:49 UTC 2026
Cache sync 54 at Tue May 12 13:56:49 UTC 2026
Cache sync 55 at Tue May 12 13:56:49 UTC 2026
Cache sync 56 at Tue May 12 13:56:49 UTC 2026
Cache sync 57 at Tue May 12 13:56:49 UTC 2026
Cache sync 58 at Tue May 12 13:56:49 UTC 2026
Cache sync 59 at Tue May 12 13:56:49 UTC 2026
Cache sync 60 at Tue May 12 13:56:49 UTC 2026
Cache sync 61 at Tue May 12 13:56:49 UTC 2026
Cache sync 62 at Tue May 12 13:56:49 UTC 2026
Cache sync 63 at Tue May 12 13:56:49 UTC 2026
Cache sync 64 at Tue May 12 13:56:49 UTC 2026
Cache sync 65 at Tue May 12 13:56:49 UTC 2026
Cache sync 66 at Tue May 12 13:56:49 UTC 2026
Cache sync 67 at Tue May 12 13:56:49 UTC 2026
Cache sync 68 at Tue May 12 13:56:49 UTC 2026
Cache sync 69 at Tue May 12 13:56:49 UTC 2026
Cache sync 70 at Tue May 12 13:56:49 UTC 2026
Cache sync 71 at Tue May 12 13:56:49 UTC 2026
Cache sync 72 at Tue May 12 13:56:49 UTC 2026
Cache sync 73 at Tue May 12 13:56:49 UTC 2026
Cache sync 74 at Tue May 12 13:56:49 UTC 2026
Cache sync 75 at Tue May 12 13:56:49 UTC 2026
Cache sync 76 at Tue May 12 13:56:50 UTC 2026
Cache sync 77 at Tue May 12 13:56:50 UTC 2026
Cache sync 78 at Tue May 12 13:56:50 UTC 2026
Cache sync 1 at Tue May 12 19:28:46 UTC 2026
Cache sync 2 at Tue May 12 19:28:46 UTC 2026
Cache sync 3 at Tue May 12 19:28:46 UTC 2026
Cache sync 4 at Tue May 12 19:28:46 UTC 2026
Cache sync 5 at Tue May 12 19:28:46 UTC 2026
Cache sync 6 at Tue May 12 19:28:46 UTC 2026
Cache sync 7 at Tue May 12 19:28:46 UTC 2026
Cache sync 8 at Tue May 12 19:28:47 UTC 2026
Cache sync 9 at Tue May 12 19:28:47 UTC 2026
Cache sync 10 at Tue May 12 19:28:47 UTC 2026
Cache sync 11 at Tue May 12 19:28:47 UTC 2026
Cache sync 12 at Tue May 12 19:28:47 UTC 2026
Cache sync 13 at Tue May 12 19:28:47 UTC 2026
Cache sync 14 at Tue May 12 19:28:47 UTC 2026
Cache sync 15 at Tue May 12 19:28:47 UTC 2026
Cache sync 16 at Tue May 12 19:28:47 UTC 2026
Cache sync 17 at Tue May 12 19:28:47 UTC 2026
Cache sync 18 at Tue May 12 19:28:47 UTC 2026
Cache sync 19 at Tue May 12 19:28:47 UTC 2026
Cache sync 20 at Tue May 12 19:28:47 UTC 2026
Cache sync 21 at Tue May 12 19:28:47 UTC 2026
Cache sync 22 at Tue May 12 19:28:47 UTC 2026
Cache sync 23 at Tue May 12 19:28:47 UTC 2026
Cache sync 24 at Tue May 12 19:28:47 UTC 2026
Cache sync 25 at Tue May 12 19:28:47 UTC 2026
Cache sync 26 at Tue May 12 19:28:47 UTC 2026
Cache sync 27 at Tue May 12 19:28:47 UTC 2026
Cache sync 28 at Tue May 12 19:28:47 UTC 2026
Cache sync 29 at Tue May 12 19:28:47 UTC 2026
Cache sync 30 at Tue May 12 19:28:47 UTC 2026
Cache sync 31 at Tue May 12 19:28:47 UTC 2026
Cache sync 32 at Tue May 12 19:28:47 UTC 2026
Cache sync 33 at Tue May 12 19:28:47 UTC 2026
Cache sync 34 at Tue May 12 19:28:47 UTC 2026
Cache sync 35 at Tue May 12 19:28:47 UTC 2026
Cache sync 36 at Tue May 12 19:28:47 UTC 2026
Cache sync 37 at Tue May 12 19:28:47 UTC 2026
Cache sync 38 at Tue May 12 19:28:47 UTC 2026
Cache sync 39 at Tue May 12 19:28:47 UTC 2026
Cache sync 40 at Tue May 12 19:28:47 UTC 2026
Cache sync 41 at Tue May 12 19:28:47 UTC 2026
Cache sync 42 at Tue May 12 19:28:47 UTC 2026
Cache sync 1 at Wed May 13 02:13:04 UTC 2026
Cache sync 2 at Wed May 13 02:13:04 UTC 2026
Cache sync 3 at Wed May 13 02:13:04 UTC 2026
Cache sync 4 at Wed May 13 02:13:04 UTC 2026
Cache sync 5 at Wed May 13 02:13:04 UTC 2026
Cache sync 6 at Wed May 13 02:13:04 UTC 2026
Cache sync 7 at Wed May 13 02:13:04 UTC 2026
Cache sync 8 at Wed May 13 02:13:04 UTC 2026
Cache sync 9 at Wed May 13 02:13:04 UTC 2026
Cache sync 10 at Wed May 13 02:13:04 UTC 2026
Cache sync 11 at Wed May 13 02:13:04 UTC 2026
Cache sync 12 at Wed May 13 02:13:04 UTC 2026
Cache sync 1 at Wed May 13 08:34:25 UTC 2026
Cache sync 2 at Wed May 13 08:34:25 UTC 2026
Cache sync 3 at Wed May 13 08:34:25 UTC 2026
Cache sync 4 at Wed May 13 08:34:25 UTC 2026
Cache sync 5 at Wed May 13 08:34:25 UTC 2026
Cache sync 6 at Wed May 13 08:34:25 UTC 2026
Cache sync 7 at Wed May 13 08:34:25 UTC 2026
Cache sync 8 at Wed May 13 08:34:25 UTC 2026
Cache sync 9 at Wed May 13 08:34:25 UTC 2026
Cache sync 10 at Wed May 13 08:34:25 UTC 2026
Cache sync 11 at Wed May 13 08:34:25 UTC 2026
Cache sync 12 at Wed May 13 08:34:25 UTC 2026
Cache sync 13 at Wed May 13 08:34:25 UTC 2026
Cache sync 14 at Wed May 13 08:34:25 UTC 2026
Cache sync 15 at Wed May 13 08:34:25 UTC 2026
Cache sync 16 at Wed May 13 08:34:25 UTC 2026
Cache sync 17 at Wed May 13 08:34:25 UTC 2026
Cache sync 18 at Wed May 13 08:34:25 UTC 2026
Cache sync 19 at Wed May 13 08:34:25 UTC 2026
Cache sync 20 at Wed May 13 08:34:25 UTC 2026
Cache sync 21 at Wed May 13 08:34:25 UTC 2026
Cache sync 22 at Wed May 13 08:34:25 UTC 2026
Cache sync 23 at Wed May 13 08:34:25 UTC 2026
Cache sync 24 at Wed May 13 08:34:25 UTC 2026
Cache sync 25 at Wed May 13 08:34:25 UTC 2026
Cache sync 26 at Wed May 13 08:34:25 UTC 2026
Cache sync 27 at Wed May 13 08:34:25 UTC 2026
Cache sync 28 at Wed May 13 08:34:25 UTC 2026
Cache sync 29 at Wed May 13 08:34:25 UTC 2026
Cache sync 30 at Wed May 13 08:34:25 UTC 2026
Cache sync 31 at Wed May 13 08:34:25 UTC 2026
Cache sync 1 at Wed May 13 14:08:21 UTC 2026
Cache sync 2 at Wed May 13 14:08:21 UTC 2026
Cache sync 3 at Wed May 13 14:08:21 UTC 2026
Cache sync 4 at Wed May 13 14:08:21 UTC 2026
Cache sync 5 at Wed May 13 14:08:21 UTC 2026
Cache sync 6 at Wed May 13 14:08:21 UTC 2026
Cache sync 7 at Wed May 13 14:08:21 UTC 2026
Cache sync 8 at Wed May 13 14:08:21 UTC 2026
Cache sync 9 at Wed May 13 14:08:21 UTC 2026
Cache sync 10 at Wed May 13 14:08:21 UTC 2026
Cache sync 11 at Wed May 13 14:08:21 UTC 2026
Cache sync 12 at Wed May 13 14:08:21 UTC 2026
Cache sync 13 at Wed May 13 14:08:21 UTC 2026
Cache sync 14 at Wed May 13 14:08:21 UTC 2026
Cache sync 15 at Wed May 13 14:08:21 UTC 2026
Cache sync 16 at Wed May 13 14:08:21 UTC 2026
Cache sync 17 at Wed May 13 14:08:21 UTC 2026
Cache sync 18 at Wed May 13 14:08:21 UTC 2026
Cache sync 19 at Wed May 13 14:08:21 UTC 2026
Cache sync 20 at Wed May 13 14:08:21 UTC 2026
Cache sync 21 at Wed May 13 14:08:21 UTC 2026
Cache sync 22 at Wed May 13 14:08:21 UTC 2026
Cache sync 23 at Wed May 13 14:08:21 UTC 2026
Cache sync 24 at Wed May 13 14:08:21 UTC 2026
Cache sync 25 at Wed May 13 14:08:21 UTC 2026
Cache sync 26 at Wed May 13 14:08:21 UTC 2026
Cache sync 27 at Wed May 13 14:08:21 UTC 2026
Cache sync 28 at Wed May 13 14:08:21 UTC 2026
Cache sync 29 at Wed May 13 14:08:21 UTC 2026
Cache sync 30 at Wed May 13 14:08:21 UTC 2026
Cache sync 31 at Wed May 13 14:08:21 UTC 2026
Cache sync 32 at Wed May 13 14:08:21 UTC 2026
Cache sync 33 at Wed May 13 14:08:21 UTC 2026
Cache sync 34 at Wed May 13 14:08:21 UTC 2026
Cache sync 35 at Wed May 13 14:08:21 UTC 2026
Cache sync 36 at Wed May 13 14:08:21 UTC 2026
Cache sync 37 at Wed May 13 14:08:21 UTC 2026
Cache sync 38 at Wed May 13 14:08:21 UTC 2026
Cache sync 39 at Wed May 13 14:08:21 UTC 2026
Cache sync 40 at Wed May 13 14:08:21 UTC 2026
Cache sync 41 at Wed May 13 14:08:21 UTC 2026
Cache sync 42 at Wed May 13 14:08:21 UTC 2026
Cache sync 43 at Wed May 13 14:08:21 UTC 2026
Cache sync 44 at Wed May 13 14:08:21 UTC 2026
Cache sync 45 at Wed May 13 14:08:21 UTC 2026
Cache sync 46 at Wed May 13 14:08:21 UTC 2026
Cache sync 47 at Wed May 13 14:08:21 UTC 2026
Cache sync 48 at Wed May 13 14:08:21 UTC 2026
Cache sync 49 at Wed May 13 14:08:21 UTC 2026
Cache sync 50 at Wed May 13 14:08:21 UTC 2026
Cache sync 51 at Wed May 13 14:08:21 UTC 2026
Cache sync 52 at Wed May 13 14:08:21 UTC 2026
Cache sync 53 at Wed May 13 14:08:21 UTC 2026
Cache sync 54 at Wed May 13 14:08:21 UTC 2026
Cache sync 55 at Wed May 13 14:08:21 UTC 2026
Cache sync 56 at Wed May 13 14:08:21 UTC 2026
Cache sync 57 at Wed May 13 14:08:21 UTC 2026
Cache sync 58 at Wed May 13 14:08:21 UTC 2026
Cache sync 59 at Wed May 13 14:08:21 UTC 2026
Cache sync 60 at Wed May 13 14:08:21 UTC 2026
Cache sync 61 at Wed May 13 14:08:21 UTC 2026
Cache sync 62 at Wed May 13 14:08:21 UTC 2026
Cache sync 63 at Wed May 13 14:08:21 UTC 2026
Cache sync 64 at Wed May 13 14:08:21 UTC 2026
Cache sync 65 at Wed May 13 14:08:21 UTC 2026
Cache sync 66 at Wed May 13 14:08:21 UTC 2026
Cache sync 67 at Wed May 13 14:08:21 UTC 2026
Cache sync 68 at Wed May 13 14:08:21 UTC 2026
Cache sync 69 at Wed May 13 14:08:21 UTC 2026
Cache sync 1 at Wed May 13 19:41:13 UTC 2026
Cache sync 2 at Wed May 13 19:41:13 UTC 2026
Cache sync 3 at Wed May 13 19:41:13 UTC 2026
Cache sync 4 at Wed May 13 19:41:13 UTC 2026
Cache sync 5 at Wed May 13 19:41:13 UTC 2026
Cache sync 6 at Wed May 13 19:41:13 UTC 2026
Cache sync 7 at Wed May 13 19:41:13 UTC 2026
Cache sync 8 at Wed May 13 19:41:13 UTC 2026
Cache sync 9 at Wed May 13 19:41:13 UTC 2026
Cache sync 10 at Wed May 13 19:41:13 UTC 2026
Cache sync 11 at Wed May 13 19:41:13 UTC 2026
Cache sync 12 at Wed May 13 19:41:13 UTC 2026
Cache sync 13 at Wed May 13 19:41:13 UTC 2026
Cache sync 14 at Wed May 13 19:41:13 UTC 2026
Cache sync 15 at Wed May 13 19:41:13 UTC 2026
Cache sync 16 at Wed May 13 19:41:13 UTC 2026
Cache sync 17 at Wed May 13 19:41:13 UTC 2026
Cache sync 18 at Wed May 13 19:41:13 UTC 2026
Cache sync 19 at Wed May 13 19:41:13 UTC 2026
Cache sync 20 at Wed May 13 19:41:13 UTC 2026
Cache sync 21 at Wed May 13 19:41:13 UTC 2026
Cache sync 22 at Wed May 13 19:41:13 UTC 2026
Cache sync 23 at Wed May 13 19:41:13 UTC 2026
Cache sync 24 at Wed May 13 19:41:13 UTC 2026
Cache sync 25 at Wed May 13 19:41:13 UTC 2026
Cache sync 26 at Wed May 13 19:41:13 UTC 2026
Cache sync 27 at Wed May 13 19:41:13 UTC 2026
Cache sync 28 at Wed May 13 19:41:13 UTC 2026
Cache sync 29 at Wed May 13 19:41:13 UTC 2026
Cache sync 30 at Wed May 13 19:41:13 UTC 2026
Cache sync 31 at Wed May 13 19:41:13 UTC 2026
Cache sync 32 at Wed May 13 19:41:13 UTC 2026
Cache sync 33 at Wed May 13 19:41:13 UTC 2026
Cache sync 34 at Wed May 13 19:41:13 UTC 2026
Cache sync 35 at Wed May 13 19:41:13 UTC 2026
Cache sync 36 at Wed May 13 19:41:13 UTC 2026
Cache sync 37 at Wed May 13 19:41:13 UTC 2026
Cache sync 38 at Wed May 13 19:41:13 UTC 2026
Cache sync 39 at Wed May 13 19:41:13 UTC 2026
Cache sync 40 at Wed May 13 19:41:13 UTC 2026
Cache sync 41 at Wed May 13 19:41:13 UTC 2026
Cache sync 42 at Wed May 13 19:41:13 UTC 2026
Cache sync 43 at Wed May 13 19:41:13 UTC 2026
Cache sync 44 at Wed May 13 19:41:13 UTC 2026
Cache sync 45 at Wed May 13 19:41:13 UTC 2026
Cache sync 46 at Wed May 13 19:41:13 UTC 2026
Cache sync 47 at Wed May 13 19:41:13 UTC 2026
Cache sync 48 at Wed May 13 19:41:13 UTC 2026
Cache sync 49 at Wed May 13 19:41:13 UTC 2026
Cache sync 50 at Wed May 13 19:41:13 UTC 2026
Cache sync 51 at Wed May 13 19:41:13 UTC 2026
Cache sync 52 at Wed May 13 19:41:13 UTC 2026
Cache sync 53 at Wed May 13 19:41:13 UTC 2026
Cache sync 54 at Wed May 13 19:41:13 UTC 2026
Cache sync 55 at Wed May 13 19:41:13 UTC 2026
Cache sync 56 at Wed May 13 19:41:13 UTC 2026
Cache sync 57 at Wed May 13 19:41:13 UTC 2026
Cache sync 58 at Wed May 13 19:41:13 UTC 2026
Cache sync 59 at Wed May 13 19:41:13 UTC 2026
Cache sync 60 at Wed May 13 19:41:13 UTC 2026
Cache sync 61 at Wed May 13 19:41:13 UTC 2026
Cache sync 62 at Wed May 13 19:41:13 UTC 2026
Cache sync 63 at Wed May 13 19:41:13 UTC 2026
Cache sync 64 at Wed May 13 19:41:13 UTC 2026
Cache sync 65 at Wed May 13 19:41:13 UTC 2026
Cache sync 66 at Wed May 13 19:41:13 UTC 2026
Cache sync 67 at Wed May 13 19:41:13 UTC 2026
Cache sync 68 at Wed May 13 19:41:13 UTC 2026
Cache sync 69 at Wed May 13 19:41:13 UTC 2026
Cache sync 70 at Wed May 13 19:41:13 UTC 2026
Cache sync 1 at Thu May 14 02:15:23 UTC 2026
Cache sync 2 at Thu May 14 02:15:23 UTC 2026
Cache sync 3 at Thu May 14 02:15:23 UTC 2026
Cache sync 4 at Thu May 14 02:15:23 UTC 2026
Cache sync 5 at Thu May 14 02:15:23 UTC 2026
Cache sync 6 at Thu May 14 02:15:23 UTC 2026
Cache sync 7 at Thu May 14 02:15:23 UTC 2026
Cache sync 8 at Thu May 14 02:15:23 UTC 2026
Cache sync 9 at Thu May 14 02:15:23 UTC 2026
Cache sync 10 at Thu May 14 02:15:23 UTC 2026
Cache sync 11 at Thu May 14 02:15:23 UTC 2026
Cache sync 12 at Thu May 14 02:15:23 UTC 2026
Cache sync 13 at Thu May 14 02:15:23 UTC 2026
Cache sync 14 at Thu May 14 02:15:23 UTC 2026
Cache sync 15 at Thu May 14 02:15:23 UTC 2026
Cache sync 16 at Thu May 14 02:15:23 UTC 2026
Cache sync 17 at Thu May 14 02:15:23 UTC 2026
Cache sync 18 at Thu May 14 02:15:23 UTC 2026
Cache sync 19 at Thu May 14 02:15:23 UTC 2026
Cache sync 20 at Thu May 14 02:15:23 UTC 2026
Cache sync 21 at Thu May 14 02:15:23 UTC 2026
Cache sync 22 at Thu May 14 02:15:23 UTC 2026
Cache sync 23 at Thu May 14 02:15:23 UTC 2026
Cache sync 24 at Thu May 14 02:15:23 UTC 2026
Cache sync 1 at Thu May 14 08:28:16 UTC 2026
Cache sync 2 at Thu May 14 08:28:16 UTC 2026
Cache sync 3 at Thu May 14 08:28:16 UTC 2026
Cache sync 4 at Thu May 14 08:28:16 UTC 2026
Cache sync 5 at Thu May 14 08:28:16 UTC 2026
Cache sync 6 at Thu May 14 08:28:16 UTC 2026
Cache sync 7 at Thu May 14 08:28:16 UTC 2026
Cache sync 8 at Thu May 14 08:28:16 UTC 2026
Cache sync 9 at Thu May 14 08:28:16 UTC 2026
Cache sync 10 at Thu May 14 08:28:16 UTC 2026
Cache sync 11 at Thu May 14 08:28:16 UTC 2026
Cache sync 12 at Thu May 14 08:28:16 UTC 2026
Cache sync 13 at Thu May 14 08:28:16 UTC 2026
Cache sync 1 at Thu May 14 13:47:14 UTC 2026
Cache sync 2 at Thu May 14 13:47:14 UTC 2026
Cache sync 3 at Thu May 14 13:47:14 UTC 2026
Cache sync 4 at Thu May 14 13:47:14 UTC 2026
Cache sync 5 at Thu May 14 13:47:14 UTC 2026
Cache sync 6 at Thu May 14 13:47:14 UTC 2026
Cache sync 7 at Thu May 14 13:47:14 UTC 2026
Cache sync 8 at Thu May 14 13:47:14 UTC 2026
Cache sync 9 at Thu May 14 13:47:14 UTC 2026
Cache sync 10 at Thu May 14 13:47:14 UTC 2026
Cache sync 11 at Thu May 14 13:47:14 UTC 2026
Cache sync 12 at Thu May 14 13:47:14 UTC 2026
Cache sync 13 at Thu May 14 13:47:14 UTC 2026
Cache sync 14 at Thu May 14 13:47:14 UTC 2026
Cache sync 15 at Thu May 14 13:47:14 UTC 2026
Cache sync 16 at Thu May 14 13:47:14 UTC 2026
Cache sync 17 at Thu May 14 13:47:14 UTC 2026
Cache sync 18 at Thu May 14 13:47:14 UTC 2026
Cache sync 19 at Thu May 14 13:47:14 UTC 2026
Cache sync 20 at Thu May 14 13:47:14 UTC 2026
Cache sync 21 at Thu May 14 13:47:14 UTC 2026
Cache sync 22 at Thu May 14 13:47:14 UTC 2026
Cache sync 23 at Thu May 14 13:47:14 UTC 2026
Cache sync 24 at Thu May 14 13:47:14 UTC 2026
Cache sync 25 at Thu May 14 13:47:14 UTC 2026
Cache sync 26 at Thu May 14 13:47:14 UTC 2026
Cache sync 27 at Thu May 14 13:47:14 UTC 2026
Cache sync 28 at Thu May 14 13:47:14 UTC 2026
Cache sync 29 at Thu May 14 13:47:14 UTC 2026
Cache sync 1 at Thu May 14 19:28:13 UTC 2026
Cache sync 2 at Thu May 14 19:28:13 UTC 2026
Cache sync 3 at Thu May 14 19:28:13 UTC 2026
Cache sync 4 at Thu May 14 19:28:13 UTC 2026
Cache sync 5 at Thu May 14 19:28:13 UTC 2026
Cache sync 6 at Thu May 14 19:28:13 UTC 2026
Cache sync 7 at Thu May 14 19:28:13 UTC 2026
Cache sync 8 at Thu May 14 19:28:13 UTC 2026
Cache sync 9 at Thu May 14 19:28:13 UTC 2026
Cache sync 10 at Thu May 14 19:28:13 UTC 2026
Cache sync 11 at Thu May 14 19:28:13 UTC 2026
Cache sync 12 at Thu May 14 19:28:13 UTC 2026
Cache sync 13 at Thu May 14 19:28:13 UTC 2026
Cache sync 14 at Thu May 14 19:28:13 UTC 2026
Cache sync 15 at Thu May 14 19:28:13 UTC 2026
Cache sync 16 at Thu May 14 19:28:13 UTC 2026
Cache sync 17 at Thu May 14 19:28:13 UTC 2026
Cache sync 18 at Thu May 14 19:28:13 UTC 2026
Cache sync 19 at Thu May 14 19:28:13 UTC 2026
Cache sync 20 at Thu May 14 19:28:13 UTC 2026
Cache sync 21 at Thu May 14 19:28:13 UTC 2026
Cache sync 22 at Thu May 14 19:28:13 UTC 2026
Cache sync 23 at Thu May 14 19:28:13 UTC 2026
Cache sync 24 at Thu May 14 19:28:13 UTC 2026
Cache sync 25 at Thu May 14 19:28:13 UTC 2026
Cache sync 26 at Thu May 14 19:28:13 UTC 2026
Cache sync 27 at Thu May 14 19:28:13 UTC 2026
Cache sync 28 at Thu May 14 19:28:13 UTC 2026
Cache sync 29 at Thu May 14 19:28:13 UTC 2026
Cache sync 30 at Thu May 14 19:28:13 UTC 2026
Cache sync 31 at Thu May 14 19:28:13 UTC 2026
Cache sync 32 at Thu May 14 19:28:13 UTC 2026
Cache sync 33 at Thu May 14 19:28:13 UTC 2026
Cache sync 34 at Thu May 14 19:28:13 UTC 2026
Cache sync 35 at Thu May 14 19:28:13 UTC 2026
Cache sync 36 at Thu May 14 19:28:13 UTC 2026
Cache sync 37 at Thu May 14 19:28:13 UTC 2026
Cache sync 38 at Thu May 14 19:28:13 UTC 2026
Cache sync 39 at Thu May 14 19:28:13 UTC 2026
Cache sync 40 at Thu May 14 19:28:13 UTC 2026
Cache sync 41 at Thu May 14 19:28:13 UTC 2026
Cache sync 42 at Thu May 14 19:28:13 UTC 2026
Cache sync 43 at Thu May 14 19:28:13 UTC 2026
Cache sync 44 at Thu May 14 19:28:13 UTC 2026
Cache sync 45 at Thu May 14 19:28:13 UTC 2026
Cache sync 46 at Thu May 14 19:28:13 UTC 2026
Cache sync 47 at Thu May 14 19:28:13 UTC 2026
Cache sync 48 at Thu May 14 19:28:13 UTC 2026
Cache sync 49 at Thu May 14 19:28:13 UTC 2026
Cache sync 50 at Thu May 14 19:28:13 UTC 2026
Cache sync 51 at Thu May 14 19:28:13 UTC 2026
Cache sync 52 at Thu May 14 19:28:13 UTC 2026
Cache sync 53 at Thu May 14 19:28:13 UTC 2026
Cache sync 54 at Thu May 14 19:28:13 UTC 2026
Cache sync 55 at Thu May 14 19:28:13 UTC 2026
Cache sync 56 at Thu May 14 19:28:14 UTC 2026
Cache sync 57 at Thu May 14 19:28:14 UTC 2026
Cache sync 58 at Thu May 14 19:28:14 UTC 2026
Cache sync 59 at Thu May 14 19:28:14 UTC 2026
Cache sync 60 at Thu May 14 19:28:14 UTC 2026
Cache sync 61 at Thu May 14 19:28:14 UTC 2026
Cache sync 62 at Thu May 14 19:28:14 UTC 2026
Cache sync 63 at Thu May 14 19:28:14 UTC 2026
Cache sync 64 at Thu May 14 19:28:14 UTC 2026
Cache sync 65 at Thu May 14 19:28:14 UTC 2026
Cache sync 66 at Thu May 14 19:28:14 UTC 2026
Cache sync 67 at Thu May 14 19:28:14 UTC 2026
Cache sync 68 at Thu May 14 19:28:14 UTC 2026
Cache sync 69 at Thu May 14 19:28:14 UTC 2026
Cache sync 70 at Thu May 14 19:28:14 UTC 2026
Cache sync 71 at Thu May 14 19:28:14 UTC 2026
Cache sync 1 at Fri May 15 02:13:16 UTC 2026
Cache sync 2 at Fri May 15 02:13:16 UTC 2026
Cache sync 3 at Fri May 15 02:13:16 UTC 2026
Cache sync 4 at Fri May 15 02:13:16 UTC 2026
Cache sync 5 at Fri May 15 02:13:16 UTC 2026
Cache sync 6 at Fri May 15 02:13:16 UTC 2026
Cache sync 7 at Fri May 15 02:13:16 UTC 2026
Cache sync 8 at Fri May 15 02:13:16 UTC 2026
Cache sync 9 at Fri May 15 02:13:16 UTC 2026
Cache sync 10 at Fri May 15 02:13:16 UTC 2026
Cache sync 11 at Fri May 15 02:13:16 UTC 2026
Cache sync 12 at Fri May 15 02:13:16 UTC 2026
Cache sync 13 at Fri May 15 02:13:16 UTC 2026
Cache sync 14 at Fri May 15 02:13:16 UTC 2026
Cache sync 15 at Fri May 15 02:13:16 UTC 2026
Cache sync 16 at Fri May 15 02:13:16 UTC 2026
Cache sync 17 at Fri May 15 02:13:16 UTC 2026
Cache sync 18 at Fri May 15 02:13:16 UTC 2026
Cache sync 19 at Fri May 15 02:13:16 UTC 2026
Cache sync 20 at Fri May 15 02:13:16 UTC 2026
Cache sync 21 at Fri May 15 02:13:16 UTC 2026
Cache sync 22 at Fri May 15 02:13:16 UTC 2026
Cache sync 23 at Fri May 15 02:13:16 UTC 2026
Cache sync 24 at Fri May 15 02:13:16 UTC 2026
Cache sync 25 at Fri May 15 02:13:16 UTC 2026
Cache sync 26 at Fri May 15 02:13:16 UTC 2026
Cache sync 27 at Fri May 15 02:13:16 UTC 2026
Cache sync 28 at Fri May 15 02:13:16 UTC 2026
Cache sync 29 at Fri May 15 02:13:16 UTC 2026
Cache sync 30 at Fri May 15 02:13:16 UTC 2026
Cache sync 31 at Fri May 15 02:13:16 UTC 2026
Cache sync 32 at Fri May 15 02:13:16 UTC 2026
Cache sync 33 at Fri May 15 02:13:16 UTC 2026
Cache sync 34 at Fri May 15 02:13:16 UTC 2026
Cache sync 35 at Fri May 15 02:13:16 UTC 2026
Cache sync 36 at Fri May 15 02:13:16 UTC 2026
Cache sync 37 at Fri May 15 02:13:16 UTC 2026
Cache sync 38 at Fri May 15 02:13:16 UTC 2026
Cache sync 39 at Fri May 15 02:13:16 UTC 2026
Cache sync 40 at Fri May 15 02:13:16 UTC 2026
Cache sync 41 at Fri May 15 02:13:16 UTC 2026
Cache sync 42 at Fri May 15 02:13:16 UTC 2026
Cache sync 43 at Fri May 15 02:13:16 UTC 2026
Cache sync 44 at Fri May 15 02:13:16 UTC 2026
Cache sync 45 at Fri May 15 02:13:16 UTC 2026
Cache sync 46 at Fri May 15 02:13:16 UTC 2026
Cache sync 47 at Fri May 15 02:13:16 UTC 2026
Cache sync 48 at Fri May 15 02:13:16 UTC 2026
Cache sync 49 at Fri May 15 02:13:16 UTC 2026
Cache sync 50 at Fri May 15 02:13:16 UTC 2026
Cache sync 51 at Fri May 15 02:13:16 UTC 2026
Cache sync 52 at Fri May 15 02:13:16 UTC 2026
Cache sync 53 at Fri May 15 02:13:16 UTC 2026
Cache sync 54 at Fri May 15 02:13:16 UTC 2026
Cache sync 55 at Fri May 15 02:13:16 UTC 2026
Cache sync 56 at Fri May 15 02:13:16 UTC 2026
Cache sync 57 at Fri May 15 02:13:16 UTC 2026
Cache sync 58 at Fri May 15 02:13:16 UTC 2026
Cache sync 59 at Fri May 15 02:13:16 UTC 2026
Cache sync 60 at Fri May 15 02:13:16 UTC 2026
Cache sync 61 at Fri May 15 02:13:16 UTC 2026
Cache sync 62 at Fri May 15 02:13:16 UTC 2026
Cache sync 63 at Fri May 15 02:13:16 UTC 2026
Cache sync 1 at Fri May 15 08:39:09 UTC 2026
Cache sync 2 at Fri May 15 08:39:09 UTC 2026
Cache sync 3 at Fri May 15 08:39:09 UTC 2026
Cache sync 4 at Fri May 15 08:39:09 UTC 2026
Cache sync 5 at Fri May 15 08:39:09 UTC 2026
Cache sync 6 at Fri May 15 08:39:09 UTC 2026
Cache sync 7 at Fri May 15 08:39:09 UTC 2026
Cache sync 8 at Fri May 15 08:39:09 UTC 2026
Cache sync 9 at Fri May 15 08:39:09 UTC 2026
Cache sync 10 at Fri May 15 08:39:09 UTC 2026
Cache sync 11 at Fri May 15 08:39:09 UTC 2026
Cache sync 12 at Fri May 15 08:39:09 UTC 2026
Cache sync 13 at Fri May 15 08:39:09 UTC 2026
Cache sync 14 at Fri May 15 08:39:09 UTC 2026
Cache sync 15 at Fri May 15 08:39:09 UTC 2026
Cache sync 16 at Fri May 15 08:39:09 UTC 2026
Cache sync 17 at Fri May 15 08:39:09 UTC 2026
Cache sync 18 at Fri May 15 08:39:09 UTC 2026
Cache sync 19 at Fri May 15 08:39:09 UTC 2026
Cache sync 20 at Fri May 15 08:39:09 UTC 2026
Cache sync 21 at Fri May 15 08:39:09 UTC 2026
Cache sync 22 at Fri May 15 08:39:09 UTC 2026
Cache sync 23 at Fri May 15 08:39:09 UTC 2026
Cache sync 24 at Fri May 15 08:39:09 UTC 2026
Cache sync 25 at Fri May 15 08:39:09 UTC 2026
Cache sync 26 at Fri May 15 08:39:09 UTC 2026
Cache sync 27 at Fri May 15 08:39:09 UTC 2026
Cache sync 28 at Fri May 15 08:39:09 UTC 2026
Cache sync 29 at Fri May 15 08:39:09 UTC 2026
Cache sync 30 at Fri May 15 08:39:09 UTC 2026
Cache sync 31 at Fri May 15 08:39:09 UTC 2026
Cache sync 32 at Fri May 15 08:39:09 UTC 2026
Cache sync 33 at Fri May 15 08:39:09 UTC 2026
Cache sync 34 at Fri May 15 08:39:09 UTC 2026
Cache sync 35 at Fri May 15 08:39:09 UTC 2026
Cache sync 36 at Fri May 15 08:39:09 UTC 2026
Cache sync 37 at Fri May 15 08:39:09 UTC 2026
Cache sync 38 at Fri May 15 08:39:09 UTC 2026
Cache sync 39 at Fri May 15 08:39:09 UTC 2026
Cache sync 40 at Fri May 15 08:39:09 UTC 2026
Cache sync 41 at Fri May 15 08:39:09 UTC 2026
Cache sync 42 at Fri May 15 08:39:09 UTC 2026
Cache sync 43 at Fri May 15 08:39:09 UTC 2026
Cache sync 44 at Fri May 15 08:39:09 UTC 2026
Cache sync 45 at Fri May 15 08:39:09 UTC 2026
Cache sync 46 at Fri May 15 08:39:09 UTC 2026
Cache sync 47 at Fri May 15 08:39:10 UTC 2026
Cache sync 48 at Fri May 15 08:39:10 UTC 2026
Cache sync 49 at Fri May 15 08:39:10 UTC 2026
Cache sync 50 at Fri May 15 08:39:10 UTC 2026
Cache sync 1 at Fri May 15 13:44:11 UTC 2026
Cache sync 2 at Fri May 15 13:44:11 UTC 2026
Cache sync 3 at Fri May 15 13:44:11 UTC 2026
Cache sync 4 at Fri May 15 13:44:11 UTC 2026
Cache sync 5 at Fri May 15 13:44:11 UTC 2026
Cache sync 6 at Fri May 15 13:44:11 UTC 2026
Cache sync 7 at Fri May 15 13:44:11 UTC 2026
Cache sync 8 at Fri May 15 13:44:11 UTC 2026
Cache sync 9 at Fri May 15 13:44:11 UTC 2026
Cache sync 10 at Fri May 15 13:44:11 UTC 2026
Cache sync 11 at Fri May 15 13:44:11 UTC 2026
Cache sync 12 at Fri May 15 13:44:11 UTC 2026
Cache sync 13 at Fri May 15 13:44:11 UTC 2026
Cache sync 14 at Fri May 15 13:44:11 UTC 2026
Cache sync 15 at Fri May 15 13:44:11 UTC 2026
Cache sync 16 at Fri May 15 13:44:11 UTC 2026
Cache sync 17 at Fri May 15 13:44:11 UTC 2026
Cache sync 18 at Fri May 15 13:44:11 UTC 2026
Cache sync 19 at Fri May 15 13:44:11 UTC 2026
Cache sync 20 at Fri May 15 13:44:11 UTC 2026
Cache sync 21 at Fri May 15 13:44:11 UTC 2026
Cache sync 22 at Fri May 15 13:44:11 UTC 2026
Cache sync 23 at Fri May 15 13:44:11 UTC 2026
Cache sync 24 at Fri May 15 13:44:11 UTC 2026
Cache sync 25 at Fri May 15 13:44:11 UTC 2026
Cache sync 26 at Fri May 15 13:44:12 UTC 2026
Cache sync 27 at Fri May 15 13:44:12 UTC 2026
Cache sync 28 at Fri May 15 13:44:12 UTC 2026
Cache sync 29 at Fri May 15 13:44:12 UTC 2026
Cache sync 30 at Fri May 15 13:44:12 UTC 2026
Cache sync 31 at Fri May 15 13:44:12 UTC 2026
Cache sync 32 at Fri May 15 13:44:12 UTC 2026
Cache sync 33 at Fri May 15 13:44:12 UTC 2026
Cache sync 34 at Fri May 15 13:44:12 UTC 2026
Cache sync 35 at Fri May 15 13:44:12 UTC 2026
Cache sync 36 at Fri May 15 13:44:12 UTC 2026
Cache sync 37 at Fri May 15 13:44:12 UTC 2026
Cache sync 38 at Fri May 15 13:44:12 UTC 2026
Cache sync 39 at Fri May 15 13:44:12 UTC 2026
Cache sync 40 at Fri May 15 13:44:12 UTC 2026
Cache sync 41 at Fri May 15 13:44:12 UTC 2026
Cache sync 42 at Fri May 15 13:44:12 UTC 2026
Cache sync 43 at Fri May 15 13:44:12 UTC 2026
Cache sync 44 at Fri May 15 13:44:12 UTC 2026
Cache sync 45 at Fri May 15 13:44:12 UTC 2026
Cache sync 46 at Fri May 15 13:44:12 UTC 2026
Cache sync 47 at Fri May 15 13:44:12 UTC 2026
Cache sync 48 at Fri May 15 13:44:12 UTC 2026
Cache sync 49 at Fri May 15 13:44:12 UTC 2026
Cache sync 50 at Fri May 15 13:44:12 UTC 2026
Cache sync 51 at Fri May 15 13:44:12 UTC 2026
Cache sync 52 at Fri May 15 13:44:12 UTC 2026
Cache sync 53 at Fri May 15 13:44:12 UTC 2026
Cache sync 54 at Fri May 15 13:44:12 UTC 2026
Cache sync 55 at Fri May 15 13:44:12 UTC 2026
Cache sync 56 at Fri May 15 13:44:12 UTC 2026
Cache sync 57 at Fri May 15 13:44:12 UTC 2026
Cache sync 58 at Fri May 15 13:44:12 UTC 2026
Cache sync 59 at Fri May 15 13:44:12 UTC 2026
Cache sync 60 at Fri May 15 13:44:12 UTC 2026
Cache sync 61 at Fri May 15 13:44:12 UTC 2026
Cache sync 62 at Fri May 15 13:44:12 UTC 2026
Cache sync 63 at Fri May 15 13:44:12 UTC 2026
Cache sync 64 at Fri May 15 13:44:12 UTC 2026
Cache sync 65 at Fri May 15 13:44:12 UTC 2026
Cache sync 66 at Fri May 15 13:44:12 UTC 2026
Cache sync 67 at Fri May 15 13:44:12 UTC 2026
Cache sync 68 at Fri May 15 13:44:12 UTC 2026
Cache sync 69 at Fri May 15 13:44:12 UTC 2026
Cache sync 70 at Fri May 15 13:44:12 UTC 2026
Cache sync 71 at Fri May 15 13:44:12 UTC 2026
Cache sync 72 at Fri May 15 13:44:12 UTC 2026
Cache sync 73 at Fri May 15 13:44:12 UTC 2026
Cache sync 74 at Fri May 15 13:44:12 UTC 2026
Cache sync 75 at Fri May 15 13:44:12 UTC 2026
Cache sync 76 at Fri May 15 13:44:12 UTC 2026
Cache sync 77 at Fri May 15 13:44:12 UTC 2026
Cache sync 1 at Fri May 15 19:18:03 UTC 2026
Cache sync 2 at Fri May 15 19:18:03 UTC 2026
Cache sync 3 at Fri May 15 19:18:03 UTC 2026
Cache sync 4 at Fri May 15 19:18:03 UTC 2026
Cache sync 5 at Fri May 15 19:18:03 UTC 2026
Cache sync 6 at Fri May 15 19:18:03 UTC 2026
Cache sync 7 at Fri May 15 19:18:03 UTC 2026
Cache sync 1 at Sat May 16 02:05:22 UTC 2026
Cache sync 2 at Sat May 16 02:05:22 UTC 2026
Cache sync 3 at Sat May 16 02:05:22 UTC 2026
Cache sync 4 at Sat May 16 02:05:22 UTC 2026
Cache sync 5 at Sat May 16 02:05:22 UTC 2026
Cache sync 6 at Sat May 16 02:05:22 UTC 2026
Cache sync 7 at Sat May 16 02:05:22 UTC 2026
Cache sync 8 at Sat May 16 02:05:22 UTC 2026
Cache sync 9 at Sat May 16 02:05:22 UTC 2026
Cache sync 10 at Sat May 16 02:05:22 UTC 2026
Cache sync 11 at Sat May 16 02:05:22 UTC 2026
Cache sync 12 at Sat May 16 02:05:22 UTC 2026
Cache sync 13 at Sat May 16 02:05:22 UTC 2026
Cache sync 14 at Sat May 16 02:05:22 UTC 2026
Cache sync 15 at Sat May 16 02:05:22 UTC 2026
Cache sync 16 at Sat May 16 02:05:22 UTC 2026
Cache sync 17 at Sat May 16 02:05:22 UTC 2026
Cache sync 18 at Sat May 16 02:05:22 UTC 2026
Cache sync 19 at Sat May 16 02:05:22 UTC 2026
Cache sync 20 at Sat May 16 02:05:22 UTC 2026
Cache sync 21 at Sat May 16 02:05:22 UTC 2026
Cache sync 22 at Sat May 16 02:05:22 UTC 2026
Cache sync 23 at Sat May 16 02:05:22 UTC 2026
Cache sync 24 at Sat May 16 02:05:22 UTC 2026
Cache sync 25 at Sat May 16 02:05:22 UTC 2026
Cache sync 26 at Sat May 16 02:05:22 UTC 2026
Cache sync 27 at Sat May 16 02:05:22 UTC 2026
Cache sync 28 at Sat May 16 02:05:22 UTC 2026
Cache sync 29 at Sat May 16 02:05:22 UTC 2026
Cache sync 30 at Sat May 16 02:05:22 UTC 2026
Cache sync 31 at Sat May 16 02:05:22 UTC 2026
Cache sync 32 at Sat May 16 02:05:22 UTC 2026
Cache sync 33 at Sat May 16 02:05:22 UTC 2026
Cache sync 34 at Sat May 16 02:05:22 UTC 2026
Cache sync 35 at Sat May 16 02:05:22 UTC 2026
Cache sync 36 at Sat May 16 02:05:22 UTC 2026
Cache sync 37 at Sat May 16 02:05:22 UTC 2026
Cache sync 38 at Sat May 16 02:05:22 UTC 2026
Cache sync 39 at Sat May 16 02:05:22 UTC 2026
Cache sync 40 at Sat May 16 02:05:22 UTC 2026
Cache sync 41 at Sat May 16 02:05:22 UTC 2026
Cache sync 1 at Sat May 16 13:00:07 UTC 2026
Cache sync 2 at Sat May 16 13:00:07 UTC 2026
Cache sync 3 at Sat May 16 13:00:07 UTC 2026
Cache sync 4 at Sat May 16 13:00:07 UTC 2026
Cache sync 5 at Sat May 16 13:00:07 UTC 2026
Cache sync 6 at Sat May 16 13:00:07 UTC 2026
Cache sync 7 at Sat May 16 13:00:07 UTC 2026
Cache sync 8 at Sat May 16 13:00:07 UTC 2026
Cache sync 9 at Sat May 16 13:00:07 UTC 2026
Cache sync 10 at Sat May 16 13:00:07 UTC 2026
Cache sync 11 at Sat May 16 13:00:07 UTC 2026
Cache sync 12 at Sat May 16 13:00:07 UTC 2026
Cache sync 13 at Sat May 16 13:00:07 UTC 2026
Cache sync 14 at Sat May 16 13:00:07 UTC 2026
Cache sync 15 at Sat May 16 13:00:07 UTC 2026
Cache sync 16 at Sat May 16 13:00:07 UTC 2026
Cache sync 17 at Sat May 16 13:00:07 UTC 2026
Cache sync 18 at Sat May 16 13:00:07 UTC 2026
Cache sync 19 at Sat May 16 13:00:07 UTC 2026
Cache sync 20 at Sat May 16 13:00:07 UTC 2026
Cache sync 21 at Sat May 16 13:00:07 UTC 2026
Cache sync 22 at Sat May 16 13:00:07 UTC 2026
Cache sync 23 at Sat May 16 13:00:07 UTC 2026
Cache sync 24 at Sat May 16 13:00:07 UTC 2026
Cache sync 25 at Sat May 16 13:00:07 UTC 2026
Cache sync 26 at Sat May 16 13:00:07 UTC 2026
Cache sync 27 at Sat May 16 13:00:07 UTC 2026
Cache sync 28 at Sat May 16 13:00:07 UTC 2026
Cache sync 29 at Sat May 16 13:00:07 UTC 2026
Cache sync 30 at Sat May 16 13:00:07 UTC 2026
Cache sync 31 at Sat May 16 13:00:07 UTC 2026
Cache sync 32 at Sat May 16 13:00:07 UTC 2026
Cache sync 33 at Sat May 16 13:00:07 UTC 2026
Cache sync 34 at Sat May 16 13:00:07 UTC 2026
Cache sync 35 at Sat May 16 13:00:07 UTC 2026
Cache sync 36 at Sat May 16 13:00:07 UTC 2026
Cache sync 37 at Sat May 16 13:00:07 UTC 2026
Cache sync 38 at Sat May 16 13:00:07 UTC 2026
Cache sync 39 at Sat May 16 13:00:07 UTC 2026
Cache sync 40 at Sat May 16 13:00:07 UTC 2026
Cache sync 41 at Sat May 16 13:00:07 UTC 2026
Cache sync 42 at Sat May 16 13:00:07 UTC 2026
Cache sync 43 at Sat May 16 13:00:07 UTC 2026
Cache sync 44 at Sat May 16 13:00:07 UTC 2026
Cache sync 45 at Sat May 16 13:00:07 UTC 2026
Cache sync 46 at Sat May 16 13:00:07 UTC 2026
Cache sync 47 at Sat May 16 13:00:07 UTC 2026
Cache sync 48 at Sat May 16 13:00:07 UTC 2026
Cache sync 49 at Sat May 16 13:00:07 UTC 2026
Cache sync 50 at Sat May 16 13:00:08 UTC 2026
Cache sync 51 at Sat May 16 13:00:08 UTC 2026
Cache sync 52 at Sat May 16 13:00:08 UTC 2026
Cache sync 53 at Sat May 16 13:00:08 UTC 2026
Cache sync 54 at Sat May 16 13:00:08 UTC 2026
Cache sync 55 at Sat May 16 13:00:08 UTC 2026
Cache sync 56 at Sat May 16 13:00:08 UTC 2026
Cache sync 57 at Sat May 16 13:00:08 UTC 2026
Cache sync 58 at Sat May 16 13:00:08 UTC 2026
Cache sync 59 at Sat May 16 13:00:08 UTC 2026
Cache sync 60 at Sat May 16 13:00:08 UTC 2026
Cache sync 61 at Sat May 16 13:00:08 UTC 2026
Cache sync 62 at Sat May 16 13:00:08 UTC 2026
Cache sync 63 at Sat May 16 13:00:08 UTC 2026
Cache sync 64 at Sat May 16 13:00:08 UTC 2026
Cache sync 65 at Sat May 16 13:00:08 UTC 2026
Cache sync 66 at Sat May 16 13:00:08 UTC 2026
Cache sync 67 at Sat May 16 13:00:08 UTC 2026
Cache sync 68 at Sat May 16 13:00:08 UTC 2026
Cache sync 69 at Sat May 16 13:00:08 UTC 2026
Cache sync 70 at Sat May 16 13:00:08 UTC 2026
Cache sync 71 at Sat May 16 13:00:08 UTC 2026
Cache sync 72 at Sat May 16 13:00:08 UTC 2026
Cache sync 73 at Sat May 16 13:00:08 UTC 2026
Cache sync 74 at Sat May 16 13:00:08 UTC 2026
Cache sync 75 at Sat May 16 13:00:08 UTC 2026
Cache sync 76 at Sat May 16 13:00:08 UTC 2026
Cache sync 77 at Sat May 16 13:00:08 UTC 2026
Cache sync 78 at Sat May 16 13:00:08 UTC 2026
Cache sync 79 at Sat May 16 13:00:08 UTC 2026
Cache sync 80 at Sat May 16 13:00:08 UTC 2026
Cache sync 81 at Sat May 16 13:00:08 UTC 2026
Cache sync 82 at Sat May 16 13:00:08 UTC 2026
Cache sync 83 at Sat May 16 13:00:08 UTC 2026
Cache sync 84 at Sat May 16 13:00:08 UTC 2026
Cache sync 85 at Sat May 16 13:00:08 UTC 2026
Cache sync 1 at Sat May 16 18:51:04 UTC 2026
Cache sync 2 at Sat May 16 18:51:04 UTC 2026
Cache sync 3 at Sat May 16 18:51:04 UTC 2026
Cache sync 4 at Sat May 16 18:51:04 UTC 2026
Cache sync 5 at Sat May 16 18:51:04 UTC 2026
Cache sync 6 at Sat May 16 18:51:04 UTC 2026
Cache sync 7 at Sat May 16 18:51:04 UTC 2026
Cache sync 8 at Sat May 16 18:51:04 UTC 2026
Cache sync 9 at Sat May 16 18:51:04 UTC 2026
Cache sync 10 at Sat May 16 18:51:04 UTC 2026
Cache sync 11 at Sat May 16 18:51:04 UTC 2026
Cache sync 12 at Sat May 16 18:51:04 UTC 2026
Cache sync 13 at Sat May 16 18:51:04 UTC 2026
Cache sync 14 at Sat May 16 18:51:04 UTC 2026
Cache sync 15 at Sat May 16 18:51:04 UTC 2026
Cache sync 16 at Sat May 16 18:51:04 UTC 2026
Cache sync 17 at Sat May 16 18:51:04 UTC 2026
Cache sync 18 at Sat May 16 18:51:04 UTC 2026
Cache sync 19 at Sat May 16 18:51:04 UTC 2026
Cache sync 20 at Sat May 16 18:51:04 UTC 2026
Cache sync 21 at Sat May 16 18:51:04 UTC 2026
Cache sync 22 at Sat May 16 18:51:04 UTC 2026
Cache sync 23 at Sat May 16 18:51:04 UTC 2026
Cache sync 24 at Sat May 16 18:51:04 UTC 2026
Cache sync 25 at Sat May 16 18:51:04 UTC 2026
Cache sync 26 at Sat May 16 18:51:04 UTC 2026
Cache sync 27 at Sat May 16 18:51:04 UTC 2026
Cache sync 28 at Sat May 16 18:51:04 UTC 2026
Cache sync 29 at Sat May 16 18:51:04 UTC 2026
Cache sync 30 at Sat May 16 18:51:04 UTC 2026
Cache sync 31 at Sat May 16 18:51:04 UTC 2026
Cache sync 32 at Sat May 16 18:51:04 UTC 2026
Cache sync 33 at Sat May 16 18:51:04 UTC 2026
Cache sync 34 at Sat May 16 18:51:04 UTC 2026
Cache sync 35 at Sat May 16 18:51:04 UTC 2026
Cache sync 36 at Sat May 16 18:51:04 UTC 2026
Cache sync 37 at Sat May 16 18:51:04 UTC 2026
Cache sync 38 at Sat May 16 18:51:04 UTC 2026
Cache sync 39 at Sat May 16 18:51:04 UTC 2026
Cache sync 40 at Sat May 16 18:51:04 UTC 2026
Cache sync 41 at Sat May 16 18:51:04 UTC 2026
Cache sync 42 at Sat May 16 18:51:04 UTC 2026
Cache sync 43 at Sat May 16 18:51:04 UTC 2026
Cache sync 44 at Sat May 16 18:51:04 UTC 2026
Cache sync 45 at Sat May 16 18:51:04 UTC 2026
Cache sync 46 at Sat May 16 18:51:04 UTC 2026
Cache sync 47 at Sat May 16 18:51:04 UTC 2026
Cache sync 48 at Sat May 16 18:51:04 UTC 2026
Cache sync 49 at Sat May 16 18:51:04 UTC 2026
Cache sync 50 at Sat May 16 18:51:04 UTC 2026
Cache sync 51 at Sat May 16 18:51:04 UTC 2026
Cache sync 52 at Sat May 16 18:51:04 UTC 2026
Cache sync 53 at Sat May 16 18:51:04 UTC 2026
Cache sync 54 at Sat May 16 18:51:04 UTC 2026
Cache sync 55 at Sat May 16 18:51:04 UTC 2026
Cache sync 56 at Sat May 16 18:51:04 UTC 2026
Cache sync 57 at Sat May 16 18:51:04 UTC 2026
Cache sync 58 at Sat May 16 18:51:04 UTC 2026
Cache sync 59 at Sat May 16 18:51:04 UTC 2026
Cache sync 60 at Sat May 16 18:51:04 UTC 2026
Cache sync 61 at Sat May 16 18:51:04 UTC 2026
Cache sync 62 at Sat May 16 18:51:04 UTC 2026
Cache sync 63 at Sat May 16 18:51:04 UTC 2026
Cache sync 64 at Sat May 16 18:51:05 UTC 2026
Cache sync 65 at Sat May 16 18:51:05 UTC 2026
Cache sync 66 at Sat May 16 18:51:05 UTC 2026
Cache sync 67 at Sat May 16 18:51:05 UTC 2026
Cache sync 68 at Sat May 16 18:51:05 UTC 2026
Cache sync 69 at Sat May 16 18:51:05 UTC 2026
Cache sync 70 at Sat May 16 18:51:05 UTC 2026
Cache sync 71 at Sat May 16 18:51:05 UTC 2026
Cache sync 72 at Sat May 16 18:51:05 UTC 2026
Cache sync 73 at Sat May 16 18:51:05 UTC 2026
Cache sync 74 at Sat May 16 18:51:05 UTC 2026
Cache sync 1 at Sun May 17 02:09:35 UTC 2026
Cache sync 2 at Sun May 17 02:09:35 UTC 2026
Cache sync 3 at Sun May 17 02:09:35 UTC 2026
Cache sync 4 at Sun May 17 02:09:35 UTC 2026
Cache sync 5 at Sun May 17 02:09:35 UTC 2026
Cache sync 6 at Sun May 17 02:09:35 UTC 2026
Cache sync 7 at Sun May 17 02:09:35 UTC 2026
Cache sync 8 at Sun May 17 02:09:35 UTC 2026
Cache sync 9 at Sun May 17 02:09:35 UTC 2026
Cache sync 10 at Sun May 17 02:09:35 UTC 2026
Cache sync 11 at Sun May 17 02:09:35 UTC 2026
Cache sync 12 at Sun May 17 02:09:35 UTC 2026
Cache sync 13 at Sun May 17 02:09:35 UTC 2026
Cache sync 14 at Sun May 17 02:09:35 UTC 2026
Cache sync 15 at Sun May 17 02:09:35 UTC 2026
Cache sync 16 at Sun May 17 02:09:35 UTC 2026
Cache sync 17 at Sun May 17 02:09:35 UTC 2026
Cache sync 18 at Sun May 17 02:09:35 UTC 2026
Cache sync 19 at Sun May 17 02:09:35 UTC 2026
Cache sync 20 at Sun May 17 02:09:35 UTC 2026
Cache sync 21 at Sun May 17 02:09:35 UTC 2026
Cache sync 22 at Sun May 17 02:09:35 UTC 2026
Cache sync 23 at Sun May 17 02:09:35 UTC 2026
Cache sync 24 at Sun May 17 02:09:35 UTC 2026
Cache sync 25 at Sun May 17 02:09:35 UTC 2026
Cache sync 26 at Sun May 17 02:09:35 UTC 2026
Cache sync 27 at Sun May 17 02:09:35 UTC 2026
Cache sync 28 at Sun May 17 02:09:35 UTC 2026
Cache sync 29 at Sun May 17 02:09:36 UTC 2026
Cache sync 30 at Sun May 17 02:09:36 UTC 2026
Cache sync 31 at Sun May 17 02:09:36 UTC 2026
Cache sync 32 at Sun May 17 02:09:36 UTC 2026
Cache sync 33 at Sun May 17 02:09:36 UTC 2026
Cache sync 1 at Sun May 17 12:58:11 UTC 2026
Cache sync 2 at Sun May 17 12:58:11 UTC 2026
Cache sync 3 at Sun May 17 12:58:11 UTC 2026
Cache sync 4 at Sun May 17 12:58:11 UTC 2026
Cache sync 5 at Sun May 17 12:58:11 UTC 2026
Cache sync 6 at Sun May 17 12:58:11 UTC 2026
Cache sync 7 at Sun May 17 12:58:11 UTC 2026
Cache sync 8 at Sun May 17 12:58:11 UTC 2026
Cache sync 9 at Sun May 17 12:58:11 UTC 2026
Cache sync 10 at Sun May 17 12:58:11 UTC 2026
Cache sync 11 at Sun May 17 12:58:11 UTC 2026
Cache sync 12 at Sun May 17 12:58:11 UTC 2026
Cache sync 13 at Sun May 17 12:58:12 UTC 2026
Cache sync 14 at Sun May 17 12:58:12 UTC 2026
Cache sync 15 at Sun May 17 12:58:12 UTC 2026
Cache sync 16 at Sun May 17 12:58:12 UTC 2026
Cache sync 17 at Sun May 17 12:58:12 UTC 2026
Cache sync 18 at Sun May 17 12:58:12 UTC 2026
Cache sync 19 at Sun May 17 12:58:12 UTC 2026
Cache sync 20 at Sun May 17 12:58:12 UTC 2026
Cache sync 21 at Sun May 17 12:58:12 UTC 2026
Cache sync 22 at Sun May 17 12:58:12 UTC 2026
Cache sync 23 at Sun May 17 12:58:12 UTC 2026
Cache sync 24 at Sun May 17 12:58:12 UTC 2026
Cache sync 25 at Sun May 17 12:58:12 UTC 2026
Cache sync 26 at Sun May 17 12:58:12 UTC 2026
Cache sync 27 at Sun May 17 12:58:12 UTC 2026
Cache sync 28 at Sun May 17 12:58:12 UTC 2026
Cache sync 29 at Sun May 17 12:58:12 UTC 2026
Cache sync 30 at Sun May 17 12:58:12 UTC 2026
Cache sync 31 at Sun May 17 12:58:12 UTC 2026
Cache sync 32 at Sun May 17 12:58:12 UTC 2026
Cache sync 33 at Sun May 17 12:58:12 UTC 2026
Cache sync 34 at Sun May 17 12:58:12 UTC 2026
Cache sync 35 at Sun May 17 12:58:12 UTC 2026
Cache sync 36 at Sun May 17 12:58:12 UTC 2026
Cache sync 37 at Sun May 17 12:58:12 UTC 2026
Cache sync 38 at Sun May 17 12:58:12 UTC 2026
Cache sync 39 at Sun May 17 12:58:12 UTC 2026
Cache sync 40 at Sun May 17 12:58:12 UTC 2026
Cache sync 41 at Sun May 17 12:58:12 UTC 2026
Cache sync 42 at Sun May 17 12:58:12 UTC 2026
Cache sync 43 at Sun May 17 12:58:12 UTC 2026
Cache sync 44 at Sun May 17 12:58:12 UTC 2026
Cache sync 45 at Sun May 17 12:58:12 UTC 2026
Cache sync 46 at Sun May 17 12:58:12 UTC 2026
Cache sync 47 at Sun May 17 12:58:12 UTC 2026
Cache sync 48 at Sun May 17 12:58:12 UTC 2026
Cache sync 49 at Sun May 17 12:58:12 UTC 2026
Cache sync 50 at Sun May 17 12:58:12 UTC 2026
Cache sync 51 at Sun May 17 12:58:12 UTC 2026
Cache sync 52 at Sun May 17 12:58:12 UTC 2026
Cache sync 53 at Sun May 17 12:58:12 UTC 2026
Cache sync 54 at Sun May 17 12:58:12 UTC 2026
Cache sync 55 at Sun May 17 12:58:12 UTC 2026
Cache sync 56 at Sun May 17 12:58:12 UTC 2026
Cache sync 57 at Sun May 17 12:58:12 UTC 2026
Cache sync 58 at Sun May 17 12:58:12 UTC 2026
Cache sync 59 at Sun May 17 12:58:12 UTC 2026
Cache sync 60 at Sun May 17 12:58:12 UTC 2026
Cache sync 61 at Sun May 17 12:58:12 UTC 2026
Cache sync 62 at Sun May 17 12:58:12 UTC 2026
Cache sync 63 at Sun May 17 12:58:12 UTC 2026
Cache sync 64 at Sun May 17 12:58:12 UTC 2026
Cache sync 65 at Sun May 17 12:58:12 UTC 2026
Cache sync 66 at Sun May 17 12:58:12 UTC 2026
Cache sync 1 at Sun May 17 18:55:04 UTC 2026
Cache sync 2 at Sun May 17 18:55:04 UTC 2026
Cache sync 3 at Sun May 17 18:55:04 UTC 2026
Cache sync 4 at Sun May 17 18:55:04 UTC 2026
Cache sync 5 at Sun May 17 18:55:04 UTC 2026
Cache sync 6 at Sun May 17 18:55:04 UTC 2026
Cache sync 7 at Sun May 17 18:55:04 UTC 2026
Cache sync 8 at Sun May 17 18:55:04 UTC 2026
Cache sync 9 at Sun May 17 18:55:04 UTC 2026
Cache sync 10 at Sun May 17 18:55:04 UTC 2026
Cache sync 11 at Sun May 17 18:55:04 UTC 2026
Cache sync 12 at Sun May 17 18:55:04 UTC 2026
Cache sync 13 at Sun May 17 18:55:04 UTC 2026
Cache sync 14 at Sun May 17 18:55:04 UTC 2026
Cache sync 15 at Sun May 17 18:55:04 UTC 2026
Cache sync 16 at Sun May 17 18:55:04 UTC 2026
Cache sync 17 at Sun May 17 18:55:04 UTC 2026
Cache sync 18 at Sun May 17 18:55:04 UTC 2026
Cache sync 19 at Sun May 17 18:55:04 UTC 2026
Cache sync 20 at Sun May 17 18:55:04 UTC 2026
Cache sync 21 at Sun May 17 18:55:04 UTC 2026
Cache sync 22 at Sun May 17 18:55:04 UTC 2026
Cache sync 23 at Sun May 17 18:55:04 UTC 2026
Cache sync 24 at Sun May 17 18:55:04 UTC 2026
Cache sync 25 at Sun May 17 18:55:04 UTC 2026
Cache sync 26 at Sun May 17 18:55:04 UTC 2026
Cache sync 27 at Sun May 17 18:55:04 UTC 2026
Cache sync 28 at Sun May 17 18:55:04 UTC 2026
Cache sync 1 at Mon May 18 09:41:34 UTC 2026
Cache sync 2 at Mon May 18 09:41:34 UTC 2026
Cache sync 3 at Mon May 18 09:41:34 UTC 2026
Cache sync 4 at Mon May 18 09:41:35 UTC 2026
Cache sync 5 at Mon May 18 09:41:35 UTC 2026
Cache sync 6 at Mon May 18 09:41:35 UTC 2026
Cache sync 7 at Mon May 18 09:41:35 UTC 2026
Cache sync 8 at Mon May 18 09:41:35 UTC 2026
Cache sync 9 at Mon May 18 09:41:35 UTC 2026
Cache sync 10 at Mon May 18 09:41:35 UTC 2026
Cache sync 11 at Mon May 18 09:41:35 UTC 2026
Cache sync 12 at Mon May 18 09:41:35 UTC 2026
Cache sync 13 at Mon May 18 09:41:35 UTC 2026
Cache sync 14 at Mon May 18 09:41:35 UTC 2026
Cache sync 15 at Mon May 18 09:41:35 UTC 2026
Cache sync 16 at Mon May 18 09:41:35 UTC 2026
Cache sync 17 at Mon May 18 09:41:35 UTC 2026
Cache sync 18 at Mon May 18 09:41:35 UTC 2026
Cache sync 19 at Mon May 18 09:41:35 UTC 2026
Cache sync 20 at Mon May 18 09:41:35 UTC 2026
Cache sync 21 at Mon May 18 09:41:35 UTC 2026
Cache sync 22 at Mon May 18 09:41:35 UTC 2026
Cache sync 23 at Mon May 18 09:41:35 UTC 2026
Cache sync 24 at Mon May 18 09:41:35 UTC 2026
Cache sync 25 at Mon May 18 09:41:35 UTC 2026
Cache sync 26 at Mon May 18 09:41:35 UTC 2026
Cache sync 27 at Mon May 18 09:41:35 UTC 2026
Cache sync 28 at Mon May 18 09:41:35 UTC 2026
Cache sync 29 at Mon May 18 09:41:35 UTC 2026
Cache sync 30 at Mon May 18 09:41:35 UTC 2026
Cache sync 31 at Mon May 18 09:41:35 UTC 2026
Cache sync 32 at Mon May 18 09:41:35 UTC 2026
Cache sync 33 at Mon May 18 09:41:35 UTC 2026
Cache sync 34 at Mon May 18 09:41:35 UTC 2026
Cache sync 35 at Mon May 18 09:41:35 UTC 2026
Cache sync 36 at Mon May 18 09:41:35 UTC 2026
Cache sync 37 at Mon May 18 09:41:35 UTC 2026
Cache sync 38 at Mon May 18 09:41:35 UTC 2026
Cache sync 39 at Mon May 18 09:41:35 UTC 2026
Cache sync 40 at Mon May 18 09:41:35 UTC 2026
Cache sync 41 at Mon May 18 09:41:35 UTC 2026
Cache sync 42 at Mon May 18 09:41:35 UTC 2026
Cache sync 43 at Mon May 18 09:41:35 UTC 2026
Cache sync 44 at Mon May 18 09:41:35 UTC 2026
Cache sync 45 at Mon May 18 09:41:35 UTC 2026
Cache sync 46 at Mon May 18 09:41:35 UTC 2026
Cache sync 47 at Mon May 18 09:41:35 UTC 2026
Cache sync 48 at Mon May 18 09:41:35 UTC 2026
Cache sync 49 at Mon May 18 09:41:35 UTC 2026
Cache sync 50 at Mon May 18 09:41:35 UTC 2026
Cache sync 51 at Mon May 18 09:41:35 UTC 2026
Cache sync 52 at Mon May 18 09:41:35 UTC 2026
Cache sync 53 at Mon May 18 09:41:35 UTC 2026
Cache sync 54 at Mon May 18 09:41:35 UTC 2026
Cache sync 55 at Mon May 18 09:41:35 UTC 2026
Cache sync 56 at Mon May 18 09:41:35 UTC 2026
Cache sync 57 at Mon May 18 09:41:35 UTC 2026
Cache sync 58 at Mon May 18 09:41:35 UTC 2026
Cache sync 59 at Mon May 18 09:41:35 UTC 2026
Cache sync 1 at Mon May 18 19:25:47 UTC 2026
Cache sync 2 at Mon May 18 19:25:47 UTC 2026
Cache sync 3 at Mon May 18 19:25:47 UTC 2026
Cache sync 4 at Mon May 18 19:25:47 UTC 2026
Cache sync 5 at Mon May 18 19:25:47 UTC 2026
Cache sync 6 at Mon May 18 19:25:47 UTC 2026
Cache sync 7 at Mon May 18 19:25:47 UTC 2026
Cache sync 8 at Mon May 18 19:25:47 UTC 2026
Cache sync 9 at Mon May 18 19:25:47 UTC 2026
Cache sync 10 at Mon May 18 19:25:47 UTC 2026
Cache sync 11 at Mon May 18 19:25:47 UTC 2026
Cache sync 12 at Mon May 18 19:25:47 UTC 2026
Cache sync 13 at Mon May 18 19:25:47 UTC 2026
Cache sync 14 at Mon May 18 19:25:47 UTC 2026
Cache sync 15 at Mon May 18 19:25:47 UTC 2026
Cache sync 16 at Mon May 18 19:25:47 UTC 2026
Cache sync 17 at Mon May 18 19:25:47 UTC 2026
Cache sync 1 at Tue May 19 02:29:38 UTC 2026
Cache sync 2 at Tue May 19 02:29:38 UTC 2026
Cache sync 3 at Tue May 19 02:29:38 UTC 2026
Cache sync 4 at Tue May 19 02:29:38 UTC 2026
Cache sync 5 at Tue May 19 02:29:38 UTC 2026
Cache sync 6 at Tue May 19 02:29:38 UTC 2026
Cache sync 7 at Tue May 19 02:29:38 UTC 2026
Cache sync 8 at Tue May 19 02:29:38 UTC 2026
Cache sync 9 at Tue May 19 02:29:38 UTC 2026
Cache sync 10 at Tue May 19 02:29:38 UTC 2026
Cache sync 11 at Tue May 19 02:29:38 UTC 2026
Cache sync 12 at Tue May 19 02:29:38 UTC 2026
Cache sync 13 at Tue May 19 02:29:38 UTC 2026
Cache sync 14 at Tue May 19 02:29:38 UTC 2026
Cache sync 15 at Tue May 19 02:29:38 UTC 2026
Cache sync 16 at Tue May 19 02:29:38 UTC 2026
Cache sync 17 at Tue May 19 02:29:38 UTC 2026
Cache sync 18 at Tue May 19 02:29:38 UTC 2026
Cache sync 19 at Tue May 19 02:29:38 UTC 2026
Cache sync 20 at Tue May 19 02:29:38 UTC 2026
Cache sync 21 at Tue May 19 02:29:38 UTC 2026
Cache sync 22 at Tue May 19 02:29:38 UTC 2026
Cache sync 23 at Tue May 19 02:29:38 UTC 2026
Cache sync 24 at Tue May 19 02:29:38 UTC 2026
Cache sync 25 at Tue May 19 02:29:38 UTC 2026
Cache sync 26 at Tue May 19 02:29:38 UTC 2026
Cache sync 27 at Tue May 19 02:29:38 UTC 2026
Cache sync 28 at Tue May 19 02:29:38 UTC 2026
Cache sync 29 at Tue May 19 02:29:38 UTC 2026
Cache sync 30 at Tue May 19 02:29:38 UTC 2026
Cache sync 31 at Tue May 19 02:29:38 UTC 2026
Cache sync 1 at Tue May 19 14:38:13 UTC 2026
Cache sync 2 at Tue May 19 14:38:13 UTC 2026
Cache sync 3 at Tue May 19 14:38:13 UTC 2026
Cache sync 4 at Tue May 19 14:38:13 UTC 2026
Cache sync 5 at Tue May 19 14:38:13 UTC 2026
Cache sync 6 at Tue May 19 14:38:13 UTC 2026
Cache sync 7 at Tue May 19 14:38:13 UTC 2026
Cache sync 8 at Tue May 19 14:38:13 UTC 2026
Cache sync 9 at Tue May 19 14:38:13 UTC 2026
Cache sync 10 at Tue May 19 14:38:13 UTC 2026
Cache sync 11 at Tue May 19 14:38:13 UTC 2026
Cache sync 12 at Tue May 19 14:38:13 UTC 2026
Cache sync 13 at Tue May 19 14:38:13 UTC 2026
Cache sync 14 at Tue May 19 14:38:13 UTC 2026
Cache sync 15 at Tue May 19 14:38:13 UTC 2026
Cache sync 16 at Tue May 19 14:38:13 UTC 2026
Cache sync 17 at Tue May 19 14:38:13 UTC 2026
Cache sync 18 at Tue May 19 14:38:13 UTC 2026
Cache sync 19 at Tue May 19 14:38:13 UTC 2026
Cache sync 20 at Tue May 19 14:38:13 UTC 2026
Cache sync 21 at Tue May 19 14:38:13 UTC 2026
Cache sync 22 at Tue May 19 14:38:13 UTC 2026
Cache sync 23 at Tue May 19 14:38:13 UTC 2026
Cache sync 24 at Tue May 19 14:38:13 UTC 2026
Cache sync 25 at Tue May 19 14:38:13 UTC 2026
Cache sync 26 at Tue May 19 14:38:13 UTC 2026
Cache sync 27 at Tue May 19 14:38:13 UTC 2026
Cache sync 28 at Tue May 19 14:38:13 UTC 2026
Cache sync 29 at Tue May 19 14:38:13 UTC 2026
Cache sync 30 at Tue May 19 14:38:13 UTC 2026
Cache sync 31 at Tue May 19 14:38:13 UTC 2026
Cache sync 32 at Tue May 19 14:38:13 UTC 2026
Cache sync 33 at Tue May 19 14:38:13 UTC 2026
Cache sync 34 at Tue May 19 14:38:13 UTC 2026
Cache sync 35 at Tue May 19 14:38:13 UTC 2026
Cache sync 36 at Tue May 19 14:38:13 UTC 2026
Cache sync 37 at Tue May 19 14:38:13 UTC 2026
Cache sync 1 at Tue May 19 19:43:22 UTC 2026
Cache sync 2 at Tue May 19 19:43:22 UTC 2026
Cache sync 3 at Tue May 19 19:43:22 UTC 2026
Cache sync 4 at Tue May 19 19:43:22 UTC 2026
Cache sync 5 at Tue May 19 19:43:22 UTC 2026
Cache sync 6 at Tue May 19 19:43:23 UTC 2026
Cache sync 7 at Tue May 19 19:43:23 UTC 2026
Cache sync 8 at Tue May 19 19:43:23 UTC 2026
Cache sync 9 at Tue May 19 19:43:23 UTC 2026
Cache sync 10 at Tue May 19 19:43:23 UTC 2026
Cache sync 11 at Tue May 19 19:43:23 UTC 2026
Cache sync 12 at Tue May 19 19:43:23 UTC 2026
Cache sync 13 at Tue May 19 19:43:23 UTC 2026
Cache sync 14 at Tue May 19 19:43:23 UTC 2026
Cache sync 15 at Tue May 19 19:43:23 UTC 2026
Cache sync 16 at Tue May 19 19:43:23 UTC 2026
Cache sync 17 at Tue May 19 19:43:23 UTC 2026
Cache sync 18 at Tue May 19 19:43:23 UTC 2026
Cache sync 1 at Wed May 20 02:29:28 UTC 2026
Cache sync 2 at Wed May 20 02:29:28 UTC 2026
Cache sync 3 at Wed May 20 02:29:28 UTC 2026
Cache sync 4 at Wed May 20 02:29:28 UTC 2026
Cache sync 5 at Wed May 20 02:29:28 UTC 2026
Cache sync 6 at Wed May 20 02:29:28 UTC 2026
Cache sync 7 at Wed May 20 02:29:28 UTC 2026
Cache sync 8 at Wed May 20 02:29:28 UTC 2026
Cache sync 9 at Wed May 20 02:29:28 UTC 2026
Cache sync 10 at Wed May 20 02:29:28 UTC 2026
Cache sync 11 at Wed May 20 02:29:28 UTC 2026
Cache sync 12 at Wed May 20 02:29:28 UTC 2026
Cache sync 13 at Wed May 20 02:29:28 UTC 2026
Cache sync 14 at Wed May 20 02:29:28 UTC 2026
Cache sync 15 at Wed May 20 02:29:28 UTC 2026
Cache sync 16 at Wed May 20 02:29:28 UTC 2026
Cache sync 17 at Wed May 20 02:29:28 UTC 2026
Cache sync 18 at Wed May 20 02:29:28 UTC 2026
Cache sync 19 at Wed May 20 02:29:28 UTC 2026
Cache sync 20 at Wed May 20 02:29:29 UTC 2026
Cache sync 1 at Wed May 20 08:54:24 UTC 2026
Cache sync 2 at Wed May 20 08:54:24 UTC 2026
Cache sync 3 at Wed May 20 08:54:24 UTC 2026
Cache sync 4 at Wed May 20 08:54:24 UTC 2026
Cache sync 5 at Wed May 20 08:54:24 UTC 2026
Cache sync 6 at Wed May 20 08:54:24 UTC 2026
Cache sync 7 at Wed May 20 08:54:24 UTC 2026
Cache sync 8 at Wed May 20 08:54:24 UTC 2026
Cache sync 9 at Wed May 20 08:54:24 UTC 2026
Cache sync 10 at Wed May 20 08:54:24 UTC 2026
Cache sync 11 at Wed May 20 08:54:24 UTC 2026
Cache sync 12 at Wed May 20 08:54:24 UTC 2026
Cache sync 13 at Wed May 20 08:54:24 UTC 2026
Cache sync 14 at Wed May 20 08:54:24 UTC 2026
Cache sync 15 at Wed May 20 08:54:24 UTC 2026
Cache sync 16 at Wed May 20 08:54:24 UTC 2026
Cache sync 17 at Wed May 20 08:54:24 UTC 2026
Cache sync 18 at Wed May 20 08:54:24 UTC 2026
Cache sync 19 at Wed May 20 08:54:24 UTC 2026
Cache sync 20 at Wed May 20 08:54:24 UTC 2026
Cache sync 21 at Wed May 20 08:54:24 UTC 2026
Cache sync 22 at Wed May 20 08:54:24 UTC 2026
Cache sync 23 at Wed May 20 08:54:24 UTC 2026
Cache sync 24 at Wed May 20 08:54:24 UTC 2026
Cache sync 25 at Wed May 20 08:54:24 UTC 2026
Cache sync 26 at Wed May 20 08:54:24 UTC 2026
Cache sync 27 at Wed May 20 08:54:24 UTC 2026
Cache sync 28 at Wed May 20 08:54:24 UTC 2026
Cache sync 29 at Wed May 20 08:54:24 UTC 2026
Cache sync 30 at Wed May 20 08:54:24 UTC 2026
Cache sync 31 at Wed May 20 08:54:24 UTC 2026
Cache sync 32 at Wed May 20 08:54:24 UTC 2026
Cache sync 33 at Wed May 20 08:54:24 UTC 2026
Cache sync 34 at Wed May 20 08:54:24 UTC 2026
Cache sync 35 at Wed May 20 08:54:24 UTC 2026
Cache sync 36 at Wed May 20 08:54:24 UTC 2026
Cache sync 37 at Wed May 20 08:54:24 UTC 2026
Cache sync 38 at Wed May 20 08:54:24 UTC 2026
Cache sync 39 at Wed May 20 08:54:24 UTC 2026
Cache sync 40 at Wed May 20 08:54:24 UTC 2026
Cache sync 41 at Wed May 20 08:54:24 UTC 2026
Cache sync 42 at Wed May 20 08:54:24 UTC 2026
Cache sync 1 at Wed May 20 14:38:02 UTC 2026
Cache sync 2 at Wed May 20 14:38:02 UTC 2026
Cache sync 3 at Wed May 20 14:38:02 UTC 2026
Cache sync 4 at Wed May 20 14:38:02 UTC 2026
Cache sync 5 at Wed May 20 14:38:02 UTC 2026
Cache sync 6 at Wed May 20 14:38:02 UTC 2026
Cache sync 7 at Wed May 20 14:38:02 UTC 2026
Cache sync 8 at Wed May 20 14:38:02 UTC 2026
Cache sync 1 at Wed May 20 20:02:38 UTC 2026
Cache sync 2 at Wed May 20 20:02:38 UTC 2026
Cache sync 3 at Wed May 20 20:02:38 UTC 2026
Cache sync 4 at Wed May 20 20:02:38 UTC 2026
Cache sync 5 at Wed May 20 20:02:38 UTC 2026
Cache sync 6 at Wed May 20 20:02:38 UTC 2026
Cache sync 7 at Wed May 20 20:02:38 UTC 2026
Cache sync 8 at Wed May 20 20:02:38 UTC 2026
Cache sync 9 at Wed May 20 20:02:38 UTC 2026
Cache sync 10 at Wed May 20 20:02:38 UTC 2026
Cache sync 11 at Wed May 20 20:02:38 UTC 2026
Cache sync 12 at Wed May 20 20:02:38 UTC 2026
Cache sync 13 at Wed May 20 20:02:38 UTC 2026
Cache sync 14 at Wed May 20 20:02:38 UTC 2026
Cache sync 15 at Wed May 20 20:02:38 UTC 2026
Cache sync 16 at Wed May 20 20:02:38 UTC 2026
Cache sync 17 at Wed May 20 20:02:38 UTC 2026
Cache sync 18 at Wed May 20 20:02:38 UTC 2026
Cache sync 19 at Wed May 20 20:02:38 UTC 2026
Cache sync 20 at Wed May 20 20:02:38 UTC 2026
Cache sync 21 at Wed May 20 20:02:38 UTC 2026
Cache sync 22 at Wed May 20 20:02:38 UTC 2026
Cache sync 23 at Wed May 20 20:02:38 UTC 2026
Cache sync 24 at Wed May 20 20:02:38 UTC 2026
Cache sync 25 at Wed May 20 20:02:38 UTC 2026
Cache sync 26 at Wed May 20 20:02:38 UTC 2026
Cache sync 27 at Wed May 20 20:02:38 UTC 2026
Cache sync 28 at Wed May 20 20:02:38 UTC 2026
Cache sync 29 at Wed May 20 20:02:38 UTC 2026
Cache sync 30 at Wed May 20 20:02:38 UTC 2026
Cache sync 31 at Wed May 20 20:02:38 UTC 2026
Cache sync 32 at Wed May 20 20:02:38 UTC 2026
Cache sync 33 at Wed May 20 20:02:38 UTC 2026
Cache sync 34 at Wed May 20 20:02:38 UTC 2026
Cache sync 35 at Wed May 20 20:02:38 UTC 2026
Cache sync 36 at Wed May 20 20:02:38 UTC 2026
Cache sync 37 at Wed May 20 20:02:38 UTC 2026
Cache sync 38 at Wed May 20 20:02:38 UTC 2026
Cache sync 39 at Wed May 20 20:02:38 UTC 2026
Cache sync 40 at Wed May 20 20:02:38 UTC 2026
Cache sync 41 at Wed May 20 20:02:38 UTC 2026
Cache sync 42 at Wed May 20 20:02:38 UTC 2026
Cache sync 43 at Wed May 20 20:02:38 UTC 2026
Cache sync 44 at Wed May 20 20:02:38 UTC 2026
Cache sync 45 at Wed May 20 20:02:38 UTC 2026
Cache sync 46 at Wed May 20 20:02:38 UTC 2026
Cache sync 47 at Wed May 20 20:02:38 UTC 2026
Cache sync 1 at Thu May 21 02:30:18 UTC 2026
Cache sync 2 at Thu May 21 02:30:18 UTC 2026
Cache sync 3 at Thu May 21 02:30:18 UTC 2026
Cache sync 4 at Thu May 21 02:30:18 UTC 2026
Cache sync 5 at Thu May 21 02:30:18 UTC 2026
Cache sync 1 at Thu May 21 08:57:24 UTC 2026
Cache sync 2 at Thu May 21 08:57:24 UTC 2026
Cache sync 3 at Thu May 21 08:57:24 UTC 2026
Cache sync 4 at Thu May 21 08:57:25 UTC 2026
Cache sync 5 at Thu May 21 08:57:25 UTC 2026
Cache sync 6 at Thu May 21 08:57:25 UTC 2026
Cache sync 7 at Thu May 21 08:57:25 UTC 2026
Cache sync 8 at Thu May 21 08:57:25 UTC 2026
Cache sync 9 at Thu May 21 08:57:25 UTC 2026
Cache sync 10 at Thu May 21 08:57:25 UTC 2026
Cache sync 11 at Thu May 21 08:57:25 UTC 2026
Cache sync 12 at Thu May 21 08:57:25 UTC 2026
Cache sync 13 at Thu May 21 08:57:25 UTC 2026
Cache sync 14 at Thu May 21 08:57:25 UTC 2026
Cache sync 15 at Thu May 21 08:57:25 UTC 2026
Cache sync 16 at Thu May 21 08:57:25 UTC 2026
Cache sync 17 at Thu May 21 08:57:25 UTC 2026
Cache sync 18 at Thu May 21 08:57:25 UTC 2026
Cache sync 19 at Thu May 21 08:57:25 UTC 2026
Cache sync 20 at Thu May 21 08:57:25 UTC 2026
Cache sync 21 at Thu May 21 08:57:25 UTC 2026
Cache sync 22 at Thu May 21 08:57:25 UTC 2026
Cache sync 23 at Thu May 21 08:57:25 UTC 2026
Cache sync 24 at Thu May 21 08:57:25 UTC 2026
Cache sync 25 at Thu May 21 08:57:25 UTC 2026
Cache sync 26 at Thu May 21 08:57:25 UTC 2026
Cache sync 27 at Thu May 21 08:57:25 UTC 2026
Cache sync 28 at Thu May 21 08:57:25 UTC 2026
Cache sync 29 at Thu May 21 08:57:25 UTC 2026
Cache sync 30 at Thu May 21 08:57:25 UTC 2026
Cache sync 31 at Thu May 21 08:57:25 UTC 2026
Cache sync 32 at Thu May 21 08:57:25 UTC 2026
Cache sync 33 at Thu May 21 08:57:25 UTC 2026
Cache sync 34 at Thu May 21 08:57:25 UTC 2026
Cache sync 35 at Thu May 21 08:57:25 UTC 2026
Cache sync 36 at Thu May 21 08:57:25 UTC 2026
Cache sync 37 at Thu May 21 08:57:25 UTC 2026
Cache sync 38 at Thu May 21 08:57:25 UTC 2026
Cache sync 39 at Thu May 21 08:57:25 UTC 2026
Cache sync 40 at Thu May 21 08:57:25 UTC 2026
Cache sync 41 at Thu May 21 08:57:25 UTC 2026
Cache sync 42 at Thu May 21 08:57:25 UTC 2026
Cache sync 43 at Thu May 21 08:57:25 UTC 2026
Cache sync 44 at Thu May 21 08:57:25 UTC 2026
Cache sync 45 at Thu May 21 08:57:25 UTC 2026
Cache sync 46 at Thu May 21 08:57:25 UTC 2026
Cache sync 47 at Thu May 21 08:57:25 UTC 2026
Cache sync 48 at Thu May 21 08:57:25 UTC 2026
Cache sync 49 at Thu May 21 08:57:25 UTC 2026
Cache sync 1 at Thu May 21 14:43:35 UTC 2026
Cache sync 2 at Thu May 21 14:43:35 UTC 2026
Cache sync 3 at Thu May 21 14:43:35 UTC 2026
Cache sync 4 at Thu May 21 14:43:35 UTC 2026
Cache sync 5 at Thu May 21 14:43:35 UTC 2026
Cache sync 6 at Thu May 21 14:43:35 UTC 2026
Cache sync 7 at Thu May 21 14:43:35 UTC 2026
Cache sync 8 at Thu May 21 14:43:35 UTC 2026
Cache sync 9 at Thu May 21 14:43:35 UTC 2026
Cache sync 10 at Thu May 21 14:43:35 UTC 2026
Cache sync 11 at Thu May 21 14:43:35 UTC 2026
Cache sync 12 at Thu May 21 14:43:35 UTC 2026
Cache sync 13 at Thu May 21 14:43:35 UTC 2026
Cache sync 14 at Thu May 21 14:43:35 UTC 2026
Cache sync 15 at Thu May 21 14:43:35 UTC 2026
Cache sync 16 at Thu May 21 14:43:35 UTC 2026
Cache sync 17 at Thu May 21 14:43:35 UTC 2026
Cache sync 18 at Thu May 21 14:43:35 UTC 2026
Cache sync 19 at Thu May 21 14:43:35 UTC 2026
Cache sync 20 at Thu May 21 14:43:35 UTC 2026
Cache sync 21 at Thu May 21 14:43:35 UTC 2026
Cache sync 22 at Thu May 21 14:43:35 UTC 2026
Cache sync 23 at Thu May 21 14:43:35 UTC 2026
Cache sync 24 at Thu May 21 14:43:35 UTC 2026
Cache sync 25 at Thu May 21 14:43:35 UTC 2026
Cache sync 26 at Thu May 21 14:43:35 UTC 2026
Cache sync 27 at Thu May 21 14:43:35 UTC 2026
Cache sync 28 at Thu May 21 14:43:35 UTC 2026
Cache sync 29 at Thu May 21 14:43:35 UTC 2026
Cache sync 30 at Thu May 21 14:43:35 UTC 2026
Cache sync 31 at Thu May 21 14:43:35 UTC 2026
Cache sync 32 at Thu May 21 14:43:35 UTC 2026
Cache sync 33 at Thu May 21 14:43:35 UTC 2026
Cache sync 34 at Thu May 21 14:43:35 UTC 2026
Cache sync 35 at Thu May 21 14:43:35 UTC 2026
Cache sync 36 at Thu May 21 14:43:35 UTC 2026
Cache sync 37 at Thu May 21 14:43:35 UTC 2026
Cache sync 38 at Thu May 21 14:43:35 UTC 2026
Cache sync 39 at Thu May 21 14:43:35 UTC 2026
Cache sync 40 at Thu May 21 14:43:35 UTC 2026
Cache sync 41 at Thu May 21 14:43:35 UTC 2026
Cache sync 42 at Thu May 21 14:43:35 UTC 2026
Cache sync 43 at Thu May 21 14:43:35 UTC 2026
Cache sync 44 at Thu May 21 14:43:35 UTC 2026
Cache sync 45 at Thu May 21 14:43:35 UTC 2026
Cache sync 46 at Thu May 21 14:43:35 UTC 2026
Cache sync 47 at Thu May 21 14:43:35 UTC 2026
Cache sync 48 at Thu May 21 14:43:35 UTC 2026
Cache sync 49 at Thu May 21 14:43:35 UTC 2026
Cache sync 50 at Thu May 21 14:43:35 UTC 2026
Cache sync 51 at Thu May 21 14:43:35 UTC 2026
Cache sync 52 at Thu May 21 14:43:35 UTC 2026
Cache sync 53 at Thu May 21 14:43:35 UTC 2026
Cache sync 54 at Thu May 21 14:43:35 UTC 2026
Cache sync 55 at Thu May 21 14:43:35 UTC 2026
Cache sync 56 at Thu May 21 14:43:36 UTC 2026
Cache sync 57 at Thu May 21 14:43:36 UTC 2026
Cache sync 58 at Thu May 21 14:43:36 UTC 2026
Cache sync 59 at Thu May 21 14:43:36 UTC 2026
Cache sync 60 at Thu May 21 14:43:36 UTC 2026
Cache sync 61 at Thu May 21 14:43:36 UTC 2026
Cache sync 62 at Thu May 21 14:43:36 UTC 2026
Cache sync 63 at Thu May 21 14:43:36 UTC 2026
Cache sync 64 at Thu May 21 14:43:36 UTC 2026
Cache sync 65 at Thu May 21 14:43:36 UTC 2026
Cache sync 66 at Thu May 21 14:43:36 UTC 2026
Cache sync 67 at Thu May 21 14:43:36 UTC 2026
Cache sync 68 at Thu May 21 14:43:36 UTC 2026
Cache sync 69 at Thu May 21 14:43:36 UTC 2026
Cache sync 70 at Thu May 21 14:43:36 UTC 2026
Cache sync 1 at Thu May 21 19:43:48 UTC 2026
Cache sync 2 at Thu May 21 19:43:48 UTC 2026
Cache sync 3 at Thu May 21 19:43:48 UTC 2026
Cache sync 4 at Thu May 21 19:43:48 UTC 2026
Cache sync 5 at Thu May 21 19:43:48 UTC 2026
Cache sync 6 at Thu May 21 19:43:48 UTC 2026
Cache sync 7 at Thu May 21 19:43:48 UTC 2026
Cache sync 8 at Thu May 21 19:43:48 UTC 2026
Cache sync 9 at Thu May 21 19:43:48 UTC 2026
Cache sync 10 at Thu May 21 19:43:48 UTC 2026
Cache sync 1 at Fri May 22 02:32:06 UTC 2026
Cache sync 2 at Fri May 22 02:32:06 UTC 2026
Cache sync 3 at Fri May 22 02:32:06 UTC 2026
Cache sync 4 at Fri May 22 02:32:06 UTC 2026
Cache sync 5 at Fri May 22 02:32:06 UTC 2026
Cache sync 6 at Fri May 22 02:32:06 UTC 2026
Cache sync 7 at Fri May 22 02:32:06 UTC 2026
Cache sync 8 at Fri May 22 02:32:06 UTC 2026
Cache sync 9 at Fri May 22 02:32:06 UTC 2026
Cache sync 10 at Fri May 22 02:32:06 UTC 2026
Cache sync 11 at Fri May 22 02:32:06 UTC 2026
Cache sync 12 at Fri May 22 02:32:06 UTC 2026
Cache sync 13 at Fri May 22 02:32:06 UTC 2026
Cache sync 14 at Fri May 22 02:32:06 UTC 2026
Cache sync 15 at Fri May 22 02:32:06 UTC 2026
Cache sync 16 at Fri May 22 02:32:06 UTC 2026
Cache sync 17 at Fri May 22 02:32:06 UTC 2026
Cache sync 18 at Fri May 22 02:32:06 UTC 2026
Cache sync 19 at Fri May 22 02:32:06 UTC 2026
Cache sync 20 at Fri May 22 02:32:06 UTC 2026
Cache sync 21 at Fri May 22 02:32:06 UTC 2026
Cache sync 22 at Fri May 22 02:32:06 UTC 2026
Cache sync 23 at Fri May 22 02:32:06 UTC 2026
Cache sync 24 at Fri May 22 02:32:06 UTC 2026
Cache sync 25 at Fri May 22 02:32:06 UTC 2026
Cache sync 26 at Fri May 22 02:32:06 UTC 2026
Cache sync 27 at Fri May 22 02:32:06 UTC 2026
Cache sync 28 at Fri May 22 02:32:06 UTC 2026
Cache sync 29 at Fri May 22 02:32:06 UTC 2026
Cache sync 1 at Fri May 22 08:49:43 UTC 2026
Cache sync 2 at Fri May 22 08:49:43 UTC 2026
Cache sync 3 at Fri May 22 08:49:43 UTC 2026
Cache sync 4 at Fri May 22 08:49:43 UTC 2026
Cache sync 5 at Fri May 22 08:49:43 UTC 2026
Cache sync 6 at Fri May 22 08:49:43 UTC 2026
Cache sync 7 at Fri May 22 08:49:43 UTC 2026
Cache sync 8 at Fri May 22 08:49:43 UTC 2026
Cache sync 9 at Fri May 22 08:49:43 UTC 2026
Cache sync 10 at Fri May 22 08:49:43 UTC 2026
Cache sync 11 at Fri May 22 08:49:43 UTC 2026
Cache sync 12 at Fri May 22 08:49:43 UTC 2026
Cache sync 13 at Fri May 22 08:49:43 UTC 2026
Cache sync 14 at Fri May 22 08:49:43 UTC 2026
Cache sync 15 at Fri May 22 08:49:43 UTC 2026
Cache sync 16 at Fri May 22 08:49:43 UTC 2026
Cache sync 17 at Fri May 22 08:49:43 UTC 2026
Cache sync 18 at Fri May 22 08:49:43 UTC 2026
Cache sync 19 at Fri May 22 08:49:43 UTC 2026
Cache sync 20 at Fri May 22 08:49:43 UTC 2026
Cache sync 21 at Fri May 22 08:49:43 UTC 2026
Cache sync 22 at Fri May 22 08:49:43 UTC 2026
Cache sync 23 at Fri May 22 08:49:43 UTC 2026
Cache sync 24 at Fri May 22 08:49:43 UTC 2026
Cache sync 25 at Fri May 22 08:49:43 UTC 2026
Cache sync 26 at Fri May 22 08:49:43 UTC 2026
Cache sync 27 at Fri May 22 08:49:43 UTC 2026
Cache sync 28 at Fri May 22 08:49:43 UTC 2026
Cache sync 29 at Fri May 22 08:49:43 UTC 2026
Cache sync 30 at Fri May 22 08:49:43 UTC 2026
Cache sync 31 at Fri May 22 08:49:43 UTC 2026
Cache sync 32 at Fri May 22 08:49:43 UTC 2026
Cache sync 33 at Fri May 22 08:49:43 UTC 2026
Cache sync 34 at Fri May 22 08:49:43 UTC 2026
Cache sync 35 at Fri May 22 08:49:43 UTC 2026
Cache sync 36 at Fri May 22 08:49:43 UTC 2026
Cache sync 37 at Fri May 22 08:49:43 UTC 2026
Cache sync 38 at Fri May 22 08:49:43 UTC 2026
Cache sync 39 at Fri May 22 08:49:43 UTC 2026
Cache sync 40 at Fri May 22 08:49:43 UTC 2026
Cache sync 41 at Fri May 22 08:49:43 UTC 2026
Cache sync 42 at Fri May 22 08:49:43 UTC 2026
Cache sync 43 at Fri May 22 08:49:43 UTC 2026
Cache sync 44 at Fri May 22 08:49:43 UTC 2026
Cache sync 45 at Fri May 22 08:49:43 UTC 2026
Cache sync 46 at Fri May 22 08:49:43 UTC 2026
Cache sync 47 at Fri May 22 08:49:43 UTC 2026
Cache sync 48 at Fri May 22 08:49:43 UTC 2026
Cache sync 49 at Fri May 22 08:49:43 UTC 2026
Cache sync 50 at Fri May 22 08:49:43 UTC 2026
Cache sync 51 at Fri May 22 08:49:43 UTC 2026
Cache sync 52 at Fri May 22 08:49:43 UTC 2026
Cache sync 53 at Fri May 22 08:49:43 UTC 2026
Cache sync 54 at Fri May 22 08:49:43 UTC 2026
Cache sync 55 at Fri May 22 08:49:43 UTC 2026
Cache sync 56 at Fri May 22 08:49:44 UTC 2026
Cache sync 1 at Fri May 22 14:18:49 UTC 2026
Cache sync 2 at Fri May 22 14:18:49 UTC 2026
Cache sync 3 at Fri May 22 14:18:49 UTC 2026
Cache sync 4 at Fri May 22 14:18:49 UTC 2026
Cache sync 5 at Fri May 22 14:18:49 UTC 2026
Cache sync 6 at Fri May 22 14:18:49 UTC 2026
Cache sync 7 at Fri May 22 14:18:49 UTC 2026
Cache sync 8 at Fri May 22 14:18:50 UTC 2026
Cache sync 9 at Fri May 22 14:18:50 UTC 2026
Cache sync 10 at Fri May 22 14:18:50 UTC 2026
Cache sync 11 at Fri May 22 14:18:50 UTC 2026
Cache sync 12 at Fri May 22 14:18:50 UTC 2026
Cache sync 13 at Fri May 22 14:18:50 UTC 2026
Cache sync 14 at Fri May 22 14:18:50 UTC 2026
Cache sync 15 at Fri May 22 14:18:50 UTC 2026
Cache sync 16 at Fri May 22 14:18:50 UTC 2026
Cache sync 17 at Fri May 22 14:18:50 UTC 2026
Cache sync 18 at Fri May 22 14:18:50 UTC 2026
Cache sync 19 at Fri May 22 14:18:50 UTC 2026
Cache sync 20 at Fri May 22 14:18:50 UTC 2026
Cache sync 21 at Fri May 22 14:18:50 UTC 2026
Cache sync 22 at Fri May 22 14:18:50 UTC 2026
Cache sync 23 at Fri May 22 14:18:50 UTC 2026
Cache sync 24 at Fri May 22 14:18:50 UTC 2026
Cache sync 25 at Fri May 22 14:18:50 UTC 2026
Cache sync 26 at Fri May 22 14:18:50 UTC 2026
Cache sync 27 at Fri May 22 14:18:50 UTC 2026
Cache sync 28 at Fri May 22 14:18:50 UTC 2026
Cache sync 29 at Fri May 22 14:18:50 UTC 2026
Cache sync 30 at Fri May 22 14:18:50 UTC 2026
Cache sync 31 at Fri May 22 14:18:50 UTC 2026
Cache sync 32 at Fri May 22 14:18:50 UTC 2026
Cache sync 33 at Fri May 22 14:18:50 UTC 2026
Cache sync 34 at Fri May 22 14:18:50 UTC 2026
Cache sync 35 at Fri May 22 14:18:50 UTC 2026
Cache sync 36 at Fri May 22 14:18:50 UTC 2026
Cache sync 37 at Fri May 22 14:18:50 UTC 2026
Cache sync 38 at Fri May 22 14:18:50 UTC 2026
Cache sync 39 at Fri May 22 14:18:50 UTC 2026
Cache sync 40 at Fri May 22 14:18:50 UTC 2026
Cache sync 41 at Fri May 22 14:18:50 UTC 2026
Cache sync 42 at Fri May 22 14:18:50 UTC 2026
Cache sync 43 at Fri May 22 14:18:50 UTC 2026
Cache sync 44 at Fri May 22 14:18:50 UTC 2026
Cache sync 45 at Fri May 22 14:18:50 UTC 2026
Cache sync 1 at Fri May 22 19:23:28 UTC 2026
Cache sync 2 at Fri May 22 19:23:28 UTC 2026
Cache sync 3 at Fri May 22 19:23:28 UTC 2026
Cache sync 4 at Fri May 22 19:23:28 UTC 2026
Cache sync 5 at Fri May 22 19:23:28 UTC 2026
Cache sync 6 at Fri May 22 19:23:28 UTC 2026
Cache sync 7 at Fri May 22 19:23:28 UTC 2026
Cache sync 8 at Fri May 22 19:23:28 UTC 2026
Cache sync 9 at Fri May 22 19:23:28 UTC 2026
Cache sync 10 at Fri May 22 19:23:28 UTC 2026
Cache sync 11 at Fri May 22 19:23:28 UTC 2026
Cache sync 12 at Fri May 22 19:23:28 UTC 2026
Cache sync 13 at Fri May 22 19:23:28 UTC 2026
Cache sync 14 at Fri May 22 19:23:28 UTC 2026
Cache sync 15 at Fri May 22 19:23:28 UTC 2026
Cache sync 16 at Fri May 22 19:23:28 UTC 2026
Cache sync 17 at Fri May 22 19:23:28 UTC 2026
Cache sync 18 at Fri May 22 19:23:28 UTC 2026
Cache sync 19 at Fri May 22 19:23:28 UTC 2026
Cache sync 20 at Fri May 22 19:23:28 UTC 2026
Cache sync 21 at Fri May 22 19:23:28 UTC 2026
Cache sync 22 at Fri May 22 19:23:28 UTC 2026
Cache sync 23 at Fri May 22 19:23:28 UTC 2026
Cache sync 24 at Fri May 22 19:23:28 UTC 2026
Cache sync 25 at Fri May 22 19:23:28 UTC 2026
Cache sync 26 at Fri May 22 19:23:28 UTC 2026
Cache sync 27 at Fri May 22 19:23:28 UTC 2026
Cache sync 28 at Fri May 22 19:23:28 UTC 2026
Cache sync 29 at Fri May 22 19:23:28 UTC 2026
Cache sync 30 at Fri May 22 19:23:28 UTC 2026
Cache sync 31 at Fri May 22 19:23:28 UTC 2026
Cache sync 32 at Fri May 22 19:23:28 UTC 2026
Cache sync 33 at Fri May 22 19:23:28 UTC 2026
Cache sync 34 at Fri May 22 19:23:28 UTC 2026
Cache sync 35 at Fri May 22 19:23:28 UTC 2026
Cache sync 36 at Fri May 22 19:23:28 UTC 2026
Cache sync 37 at Fri May 22 19:23:28 UTC 2026
Cache sync 38 at Fri May 22 19:23:28 UTC 2026
Cache sync 39 at Fri May 22 19:23:28 UTC 2026
Cache sync 40 at Fri May 22 19:23:28 UTC 2026
Cache sync 1 at Sat May 23 08:06:40 UTC 2026
Cache sync 2 at Sat May 23 08:06:40 UTC 2026
Cache sync 3 at Sat May 23 08:06:40 UTC 2026
Cache sync 4 at Sat May 23 08:06:40 UTC 2026
Cache sync 5 at Sat May 23 08:06:40 UTC 2026
Cache sync 6 at Sat May 23 08:06:40 UTC 2026
Cache sync 7 at Sat May 23 08:06:40 UTC 2026
Cache sync 8 at Sat May 23 08:06:40 UTC 2026
Cache sync 9 at Sat May 23 08:06:40 UTC 2026
Cache sync 10 at Sat May 23 08:06:40 UTC 2026
Cache sync 11 at Sat May 23 08:06:40 UTC 2026
Cache sync 12 at Sat May 23 08:06:40 UTC 2026
Cache sync 13 at Sat May 23 08:06:40 UTC 2026
Cache sync 14 at Sat May 23 08:06:40 UTC 2026
Cache sync 15 at Sat May 23 08:06:40 UTC 2026
Cache sync 1 at Sat May 23 13:02:54 UTC 2026
Cache sync 2 at Sat May 23 13:02:54 UTC 2026
Cache sync 3 at Sat May 23 13:02:54 UTC 2026
Cache sync 4 at Sat May 23 13:02:54 UTC 2026
Cache sync 5 at Sat May 23 13:02:54 UTC 2026
Cache sync 6 at Sat May 23 13:02:54 UTC 2026
Cache sync 7 at Sat May 23 13:02:54 UTC 2026
Cache sync 8 at Sat May 23 13:02:54 UTC 2026
Cache sync 9 at Sat May 23 13:02:54 UTC 2026
Cache sync 1 at Sat May 23 18:57:05 UTC 2026
Cache sync 2 at Sat May 23 18:57:05 UTC 2026
Cache sync 3 at Sat May 23 18:57:05 UTC 2026
Cache sync 4 at Sat May 23 18:57:05 UTC 2026
Cache sync 5 at Sat May 23 18:57:05 UTC 2026
Cache sync 6 at Sat May 23 18:57:05 UTC 2026
Cache sync 7 at Sat May 23 18:57:05 UTC 2026
Cache sync 8 at Sat May 23 18:57:05 UTC 2026
Cache sync 9 at Sat May 23 18:57:06 UTC 2026
Cache sync 10 at Sat May 23 18:57:06 UTC 2026
Cache sync 11 at Sat May 23 18:57:06 UTC 2026
Cache sync 12 at Sat May 23 18:57:06 UTC 2026
Cache sync 13 at Sat May 23 18:57:06 UTC 2026
Cache sync 14 at Sat May 23 18:57:06 UTC 2026
Cache sync 15 at Sat May 23 18:57:06 UTC 2026
Cache sync 16 at Sat May 23 18:57:06 UTC 2026
Cache sync 17 at Sat May 23 18:57:06 UTC 2026
Cache sync 18 at Sat May 23 18:57:06 UTC 2026
Cache sync 19 at Sat May 23 18:57:06 UTC 2026
Cache sync 20 at Sat May 23 18:57:06 UTC 2026
Cache sync 21 at Sat May 23 18:57:06 UTC 2026
Cache sync 22 at Sat May 23 18:57:06 UTC 2026
Cache sync 23 at Sat May 23 18:57:06 UTC 2026
Cache sync 24 at Sat May 23 18:57:06 UTC 2026
Cache sync 25 at Sat May 23 18:57:06 UTC 2026
Cache sync 26 at Sat May 23 18:57:06 UTC 2026
Cache sync 27 at Sat May 23 18:57:06 UTC 2026
Cache sync 28 at Sat May 23 18:57:06 UTC 2026
Cache sync 29 at Sat May 23 18:57:06 UTC 2026
Cache sync 30 at Sat May 23 18:57:06 UTC 2026
Cache sync 31 at Sat May 23 18:57:06 UTC 2026
Cache sync 32 at Sat May 23 18:57:06 UTC 2026
Cache sync 33 at Sat May 23 18:57:06 UTC 2026
Cache sync 34 at Sat May 23 18:57:06 UTC 2026
Cache sync 35 at Sat May 23 18:57:06 UTC 2026
Cache sync 36 at Sat May 23 18:57:06 UTC 2026
Cache sync 37 at Sat May 23 18:57:06 UTC 2026
Cache sync 38 at Sat May 23 18:57:06 UTC 2026
Cache sync 39 at Sat May 23 18:57:06 UTC 2026
Cache sync 1 at Sun May 24 02:27:23 UTC 2026
Cache sync 2 at Sun May 24 02:27:23 UTC 2026
Cache sync 3 at Sun May 24 02:27:23 UTC 2026
Cache sync 4 at Sun May 24 02:27:23 UTC 2026
Cache sync 5 at Sun May 24 02:27:23 UTC 2026
Cache sync 6 at Sun May 24 02:27:23 UTC 2026
Cache sync 7 at Sun May 24 02:27:23 UTC 2026
Cache sync 8 at Sun May 24 02:27:23 UTC 2026
Cache sync 9 at Sun May 24 02:27:23 UTC 2026
Cache sync 10 at Sun May 24 02:27:23 UTC 2026
Cache sync 11 at Sun May 24 02:27:23 UTC 2026
Cache sync 12 at Sun May 24 02:27:23 UTC 2026
Cache sync 13 at Sun May 24 02:27:23 UTC 2026
Cache sync 14 at Sun May 24 02:27:23 UTC 2026
Cache sync 15 at Sun May 24 02:27:23 UTC 2026
Cache sync 16 at Sun May 24 02:27:23 UTC 2026
Cache sync 17 at Sun May 24 02:27:23 UTC 2026
Cache sync 18 at Sun May 24 02:27:23 UTC 2026
Cache sync 19 at Sun May 24 02:27:23 UTC 2026
Cache sync 20 at Sun May 24 02:27:23 UTC 2026
Cache sync 21 at Sun May 24 02:27:23 UTC 2026
Cache sync 22 at Sun May 24 02:27:23 UTC 2026
Cache sync 23 at Sun May 24 02:27:23 UTC 2026
Cache sync 24 at Sun May 24 02:27:23 UTC 2026
Cache sync 25 at Sun May 24 02:27:23 UTC 2026
Cache sync 26 at Sun May 24 02:27:23 UTC 2026
Cache sync 27 at Sun May 24 02:27:23 UTC 2026
Cache sync 28 at Sun May 24 02:27:23 UTC 2026
Cache sync 29 at Sun May 24 02:27:23 UTC 2026
Cache sync 30 at Sun May 24 02:27:23 UTC 2026
Cache sync 31 at Sun May 24 02:27:23 UTC 2026
Cache sync 32 at Sun May 24 02:27:23 UTC 2026
Cache sync 33 at Sun May 24 02:27:23 UTC 2026
Cache sync 34 at Sun May 24 02:27:23 UTC 2026
Cache sync 35 at Sun May 24 02:27:23 UTC 2026
Cache sync 36 at Sun May 24 02:27:24 UTC 2026
Cache sync 37 at Sun May 24 02:27:24 UTC 2026
Cache sync 38 at Sun May 24 02:27:24 UTC 2026
Cache sync 39 at Sun May 24 02:27:24 UTC 2026
Cache sync 40 at Sun May 24 02:27:24 UTC 2026
Cache sync 41 at Sun May 24 02:27:24 UTC 2026
Cache sync 42 at Sun May 24 02:27:24 UTC 2026
Cache sync 43 at Sun May 24 02:27:24 UTC 2026
Cache sync 44 at Sun May 24 02:27:24 UTC 2026
Cache sync 45 at Sun May 24 02:27:24 UTC 2026
Cache sync 46 at Sun May 24 02:27:24 UTC 2026
Cache sync 47 at Sun May 24 02:27:24 UTC 2026
Cache sync 48 at Sun May 24 02:27:24 UTC 2026
Cache sync 49 at Sun May 24 02:27:24 UTC 2026
Cache sync 50 at Sun May 24 02:27:24 UTC 2026
Cache sync 51 at Sun May 24 02:27:24 UTC 2026
Cache sync 52 at Sun May 24 02:27:24 UTC 2026
Cache sync 53 at Sun May 24 02:27:24 UTC 2026
Cache sync 54 at Sun May 24 02:27:24 UTC 2026
Cache sync 55 at Sun May 24 02:27:24 UTC 2026
Cache sync 56 at Sun May 24 02:27:24 UTC 2026
Cache sync 57 at Sun May 24 02:27:24 UTC 2026
Cache sync 58 at Sun May 24 02:27:24 UTC 2026
Cache sync 59 at Sun May 24 02:27:24 UTC 2026
Cache sync 60 at Sun May 24 02:27:24 UTC 2026
Cache sync 61 at Sun May 24 02:27:24 UTC 2026
Cache sync 62 at Sun May 24 02:27:24 UTC 2026
Cache sync 63 at Sun May 24 02:27:24 UTC 2026
Cache sync 64 at Sun May 24 02:27:24 UTC 2026
Cache sync 65 at Sun May 24 02:27:24 UTC 2026
Cache sync 66 at Sun May 24 02:27:24 UTC 2026
Cache sync 67 at Sun May 24 02:27:24 UTC 2026
Cache sync 68 at Sun May 24 02:27:24 UTC 2026
Cache sync 69 at Sun May 24 02:27:24 UTC 2026
Cache sync 70 at Sun May 24 02:27:24 UTC 2026
Cache sync 71 at Sun May 24 02:27:24 UTC 2026
Cache sync 72 at Sun May 24 02:27:24 UTC 2026
Cache sync 73 at Sun May 24 02:27:24 UTC 2026
Cache sync 1 at Sun May 24 08:17:49 UTC 2026
Cache sync 2 at Sun May 24 08:17:49 UTC 2026
Cache sync 3 at Sun May 24 08:17:49 UTC 2026
Cache sync 4 at Sun May 24 08:17:49 UTC 2026
Cache sync 5 at Sun May 24 08:17:49 UTC 2026
Cache sync 6 at Sun May 24 08:17:49 UTC 2026
Cache sync 7 at Sun May 24 08:17:49 UTC 2026
Cache sync 8 at Sun May 24 08:17:49 UTC 2026
Cache sync 9 at Sun May 24 08:17:49 UTC 2026
Cache sync 10 at Sun May 24 08:17:49 UTC 2026
Cache sync 11 at Sun May 24 08:17:49 UTC 2026
Cache sync 12 at Sun May 24 08:17:49 UTC 2026
Cache sync 13 at Sun May 24 08:17:49 UTC 2026
Cache sync 14 at Sun May 24 08:17:49 UTC 2026
Cache sync 15 at Sun May 24 08:17:49 UTC 2026
Cache sync 16 at Sun May 24 08:17:49 UTC 2026
Cache sync 17 at Sun May 24 08:17:49 UTC 2026
Cache sync 18 at Sun May 24 08:17:49 UTC 2026
Cache sync 19 at Sun May 24 08:17:49 UTC 2026
Cache sync 20 at Sun May 24 08:17:49 UTC 2026
Cache sync 21 at Sun May 24 08:17:49 UTC 2026
Cache sync 22 at Sun May 24 08:17:49 UTC 2026
Cache sync 23 at Sun May 24 08:17:49 UTC 2026
Cache sync 24 at Sun May 24 08:17:49 UTC 2026
Cache sync 25 at Sun May 24 08:17:49 UTC 2026
Cache sync 26 at Sun May 24 08:17:49 UTC 2026
Cache sync 27 at Sun May 24 08:17:49 UTC 2026
Cache sync 28 at Sun May 24 08:17:49 UTC 2026
Cache sync 29 at Sun May 24 08:17:49 UTC 2026
Cache sync 30 at Sun May 24 08:17:49 UTC 2026
Cache sync 31 at Sun May 24 08:17:49 UTC 2026
Cache sync 32 at Sun May 24 08:17:49 UTC 2026
Cache sync 33 at Sun May 24 08:17:49 UTC 2026
Cache sync 34 at Sun May 24 08:17:49 UTC 2026
Cache sync 35 at Sun May 24 08:17:49 UTC 2026
Cache sync 36 at Sun May 24 08:17:49 UTC 2026
Cache sync 37 at Sun May 24 08:17:49 UTC 2026
Cache sync 38 at Sun May 24 08:17:49 UTC 2026
Cache sync 39 at Sun May 24 08:17:49 UTC 2026
Cache sync 40 at Sun May 24 08:17:49 UTC 2026
Cache sync 41 at Sun May 24 08:17:49 UTC 2026
Cache sync 42 at Sun May 24 08:17:49 UTC 2026
Cache sync 43 at Sun May 24 08:17:49 UTC 2026
Cache sync 44 at Sun May 24 08:17:49 UTC 2026
Cache sync 45 at Sun May 24 08:17:49 UTC 2026
Cache sync 46 at Sun May 24 08:17:49 UTC 2026
Cache sync 47 at Sun May 24 08:17:49 UTC 2026
Cache sync 48 at Sun May 24 08:17:49 UTC 2026
Cache sync 49 at Sun May 24 08:17:49 UTC 2026
Cache sync 50 at Sun May 24 08:17:50 UTC 2026
Cache sync 51 at Sun May 24 08:17:50 UTC 2026
Cache sync 52 at Sun May 24 08:17:50 UTC 2026
Cache sync 53 at Sun May 24 08:17:50 UTC 2026
Cache sync 54 at Sun May 24 08:17:50 UTC 2026
Cache sync 55 at Sun May 24 08:17:50 UTC 2026
Cache sync 56 at Sun May 24 08:17:50 UTC 2026
Cache sync 57 at Sun May 24 08:17:50 UTC 2026
Cache sync 58 at Sun May 24 08:17:50 UTC 2026
Cache sync 59 at Sun May 24 08:17:50 UTC 2026
Cache sync 1 at Sun May 24 13:02:03 UTC 2026
Cache sync 2 at Sun May 24 13:02:03 UTC 2026
Cache sync 3 at Sun May 24 13:02:03 UTC 2026
Cache sync 4 at Sun May 24 13:02:03 UTC 2026
Cache sync 5 at Sun May 24 13:02:03 UTC 2026
Cache sync 1 at Sun May 24 19:03:22 UTC 2026
Cache sync 2 at Sun May 24 19:03:22 UTC 2026
Cache sync 3 at Sun May 24 19:03:22 UTC 2026
Cache sync 4 at Sun May 24 19:03:22 UTC 2026
Cache sync 5 at Sun May 24 19:03:22 UTC 2026
Cache sync 6 at Sun May 24 19:03:22 UTC 2026
Cache sync 7 at Sun May 24 19:03:22 UTC 2026
Cache sync 8 at Sun May 24 19:03:22 UTC 2026
Cache sync 9 at Sun May 24 19:03:22 UTC 2026
Cache sync 10 at Sun May 24 19:03:22 UTC 2026
Cache sync 11 at Sun May 24 19:03:22 UTC 2026
Cache sync 12 at Sun May 24 19:03:22 UTC 2026
Cache sync 13 at Sun May 24 19:03:22 UTC 2026
Cache sync 14 at Sun May 24 19:03:22 UTC 2026
Cache sync 15 at Sun May 24 19:03:22 UTC 2026
Cache sync 16 at Sun May 24 19:03:22 UTC 2026
Cache sync 17 at Sun May 24 19:03:22 UTC 2026
Cache sync 18 at Sun May 24 19:03:22 UTC 2026
Cache sync 19 at Sun May 24 19:03:22 UTC 2026
Cache sync 20 at Sun May 24 19:03:22 UTC 2026
Cache sync 21 at Sun May 24 19:03:22 UTC 2026
Cache sync 22 at Sun May 24 19:03:22 UTC 2026
Cache sync 23 at Sun May 24 19:03:22 UTC 2026
Cache sync 24 at Sun May 24 19:03:22 UTC 2026
Cache sync 25 at Sun May 24 19:03:22 UTC 2026
Cache sync 26 at Sun May 24 19:03:22 UTC 2026
Cache sync 27 at Sun May 24 19:03:22 UTC 2026
Cache sync 28 at Sun May 24 19:03:22 UTC 2026
Cache sync 29 at Sun May 24 19:03:22 UTC 2026
Cache sync 30 at Sun May 24 19:03:22 UTC 2026
Cache sync 31 at Sun May 24 19:03:22 UTC 2026
Cache sync 32 at Sun May 24 19:03:22 UTC 2026
Cache sync 33 at Sun May 24 19:03:22 UTC 2026
Cache sync 34 at Sun May 24 19:03:22 UTC 2026
Cache sync 35 at Sun May 24 19:03:22 UTC 2026
Cache sync 36 at Sun May 24 19:03:22 UTC 2026
Cache sync 37 at Sun May 24 19:03:22 UTC 2026
Cache sync 38 at Sun May 24 19:03:22 UTC 2026
Cache sync 39 at Sun May 24 19:03:22 UTC 2026
Cache sync 40 at Sun May 24 19:03:22 UTC 2026
Cache sync 41 at Sun May 24 19:03:22 UTC 2026
Cache sync 42 at Sun May 24 19:03:22 UTC 2026
Cache sync 43 at Sun May 24 19:03:22 UTC 2026
Cache sync 44 at Sun May 24 19:03:22 UTC 2026
Cache sync 45 at Sun May 24 19:03:22 UTC 2026
Cache sync 46 at Sun May 24 19:03:22 UTC 2026
Cache sync 47 at Sun May 24 19:03:22 UTC 2026
Cache sync 48 at Sun May 24 19:03:22 UTC 2026
Cache sync 49 at Sun May 24 19:03:22 UTC 2026
Cache sync 50 at Sun May 24 19:03:22 UTC 2026
Cache sync 51 at Sun May 24 19:03:22 UTC 2026
Cache sync 52 at Sun May 24 19:03:22 UTC 2026
Cache sync 53 at Sun May 24 19:03:22 UTC 2026
Cache sync 54 at Sun May 24 19:03:22 UTC 2026
Cache sync 55 at Sun May 24 19:03:22 UTC 2026
Cache sync 56 at Sun May 24 19:03:22 UTC 2026
Cache sync 57 at Sun May 24 19:03:22 UTC 2026
Cache sync 58 at Sun May 24 19:03:22 UTC 2026
Cache sync 59 at Sun May 24 19:03:22 UTC 2026
Cache sync 60 at Sun May 24 19:03:22 UTC 2026
Cache sync 61 at Sun May 24 19:03:22 UTC 2026
Cache sync 62 at Sun May 24 19:03:22 UTC 2026
Cache sync 63 at Sun May 24 19:03:22 UTC 2026
Cache sync 64 at Sun May 24 19:03:22 UTC 2026
Cache sync 65 at Sun May 24 19:03:22 UTC 2026
Cache sync 66 at Sun May 24 19:03:22 UTC 2026
Cache sync 67 at Sun May 24 19:03:22 UTC 2026
Cache sync 68 at Sun May 24 19:03:22 UTC 2026
Cache sync 69 at Sun May 24 19:03:22 UTC 2026
Cache sync 1 at Mon May 25 02:35:30 UTC 2026
Cache sync 2 at Mon May 25 02:35:30 UTC 2026
Cache sync 3 at Mon May 25 02:35:30 UTC 2026
Cache sync 4 at Mon May 25 02:35:30 UTC 2026
Cache sync 5 at Mon May 25 02:35:30 UTC 2026
Cache sync 6 at Mon May 25 02:35:30 UTC 2026
Cache sync 7 at Mon May 25 02:35:30 UTC 2026
Cache sync 8 at Mon May 25 02:35:30 UTC 2026
Cache sync 9 at Mon May 25 02:35:30 UTC 2026
Cache sync 10 at Mon May 25 02:35:30 UTC 2026
Cache sync 11 at Mon May 25 02:35:30 UTC 2026
Cache sync 12 at Mon May 25 02:35:30 UTC 2026
Cache sync 13 at Mon May 25 02:35:30 UTC 2026
Cache sync 14 at Mon May 25 02:35:30 UTC 2026
Cache sync 15 at Mon May 25 02:35:30 UTC 2026
Cache sync 16 at Mon May 25 02:35:30 UTC 2026
Cache sync 17 at Mon May 25 02:35:30 UTC 2026
Cache sync 18 at Mon May 25 02:35:30 UTC 2026
Cache sync 19 at Mon May 25 02:35:30 UTC 2026
Cache sync 20 at Mon May 25 02:35:30 UTC 2026
Cache sync 21 at Mon May 25 02:35:30 UTC 2026
Cache sync 22 at Mon May 25 02:35:30 UTC 2026
Cache sync 23 at Mon May 25 02:35:30 UTC 2026
Cache sync 24 at Mon May 25 02:35:30 UTC 2026
Cache sync 25 at Mon May 25 02:35:30 UTC 2026
Cache sync 26 at Mon May 25 02:35:30 UTC 2026
Cache sync 27 at Mon May 25 02:35:30 UTC 2026
Cache sync 28 at Mon May 25 02:35:30 UTC 2026
Cache sync 29 at Mon May 25 02:35:30 UTC 2026
Cache sync 30 at Mon May 25 02:35:30 UTC 2026
Cache sync 31 at Mon May 25 02:35:30 UTC 2026
Cache sync 32 at Mon May 25 02:35:30 UTC 2026
Cache sync 33 at Mon May 25 02:35:30 UTC 2026
Cache sync 34 at Mon May 25 02:35:30 UTC 2026
Cache sync 35 at Mon May 25 02:35:30 UTC 2026
Cache sync 36 at Mon May 25 02:35:30 UTC 2026
Cache sync 37 at Mon May 25 02:35:30 UTC 2026
Cache sync 38 at Mon May 25 02:35:30 UTC 2026
Cache sync 39 at Mon May 25 02:35:30 UTC 2026
Cache sync 40 at Mon May 25 02:35:30 UTC 2026
Cache sync 41 at Mon May 25 02:35:30 UTC 2026
Cache sync 42 at Mon May 25 02:35:30 UTC 2026
Cache sync 43 at Mon May 25 02:35:30 UTC 2026
Cache sync 44 at Mon May 25 02:35:30 UTC 2026
Cache sync 45 at Mon May 25 02:35:30 UTC 2026
Cache sync 46 at Mon May 25 02:35:30 UTC 2026
Cache sync 47 at Mon May 25 02:35:30 UTC 2026
Cache sync 48 at Mon May 25 02:35:30 UTC 2026
Cache sync 49 at Mon May 25 02:35:30 UTC 2026
Cache sync 50 at Mon May 25 02:35:30 UTC 2026
Cache sync 51 at Mon May 25 02:35:30 UTC 2026
Cache sync 52 at Mon May 25 02:35:30 UTC 2026
Cache sync 53 at Mon May 25 02:35:30 UTC 2026
Cache sync 54 at Mon May 25 02:35:30 UTC 2026
Cache sync 55 at Mon May 25 02:35:30 UTC 2026
Cache sync 56 at Mon May 25 02:35:30 UTC 2026
Cache sync 57 at Mon May 25 02:35:30 UTC 2026
Cache sync 1 at Mon May 25 09:50:31 UTC 2026
Cache sync 2 at Mon May 25 09:50:31 UTC 2026
Cache sync 3 at Mon May 25 09:50:31 UTC 2026
Cache sync 4 at Mon May 25 09:50:31 UTC 2026
Cache sync 5 at Mon May 25 09:50:31 UTC 2026
Cache sync 6 at Mon May 25 09:50:31 UTC 2026
Cache sync 7 at Mon May 25 09:50:31 UTC 2026
Cache sync 8 at Mon May 25 09:50:31 UTC 2026
Cache sync 9 at Mon May 25 09:50:31 UTC 2026
Cache sync 10 at Mon May 25 09:50:31 UTC 2026
Cache sync 11 at Mon May 25 09:50:31 UTC 2026
Cache sync 12 at Mon May 25 09:50:31 UTC 2026
Cache sync 13 at Mon May 25 09:50:31 UTC 2026
Cache sync 14 at Mon May 25 09:50:31 UTC 2026
Cache sync 15 at Mon May 25 09:50:31 UTC 2026
Cache sync 16 at Mon May 25 09:50:31 UTC 2026
Cache sync 17 at Mon May 25 09:50:31 UTC 2026
Cache sync 18 at Mon May 25 09:50:31 UTC 2026
Cache sync 19 at Mon May 25 09:50:31 UTC 2026
Cache sync 20 at Mon May 25 09:50:31 UTC 2026
Cache sync 21 at Mon May 25 09:50:31 UTC 2026
Cache sync 22 at Mon May 25 09:50:31 UTC 2026
Cache sync 23 at Mon May 25 09:50:31 UTC 2026
Cache sync 24 at Mon May 25 09:50:31 UTC 2026
Cache sync 25 at Mon May 25 09:50:31 UTC 2026
Cache sync 26 at Mon May 25 09:50:31 UTC 2026
Cache sync 27 at Mon May 25 09:50:31 UTC 2026
Cache sync 28 at Mon May 25 09:50:31 UTC 2026
Cache sync 29 at Mon May 25 09:50:31 UTC 2026
Cache sync 30 at Mon May 25 09:50:31 UTC 2026
Cache sync 31 at Mon May 25 09:50:31 UTC 2026
Cache sync 32 at Mon May 25 09:50:31 UTC 2026
Cache sync 33 at Mon May 25 09:50:31 UTC 2026
Cache sync 34 at Mon May 25 09:50:31 UTC 2026
Cache sync 35 at Mon May 25 09:50:31 UTC 2026
Cache sync 36 at Mon May 25 09:50:31 UTC 2026
Cache sync 37 at Mon May 25 09:50:31 UTC 2026
Cache sync 1 at Mon May 25 14:35:43 UTC 2026
Cache sync 2 at Mon May 25 14:35:43 UTC 2026
Cache sync 3 at Mon May 25 14:35:43 UTC 2026
Cache sync 4 at Mon May 25 14:35:43 UTC 2026
Cache sync 5 at Mon May 25 14:35:43 UTC 2026
Cache sync 6 at Mon May 25 14:35:43 UTC 2026
Cache sync 7 at Mon May 25 14:35:43 UTC 2026
Cache sync 8 at Mon May 25 14:35:43 UTC 2026
Cache sync 9 at Mon May 25 14:35:43 UTC 2026
Cache sync 10 at Mon May 25 14:35:43 UTC 2026
Cache sync 11 at Mon May 25 14:35:43 UTC 2026
Cache sync 12 at Mon May 25 14:35:43 UTC 2026
Cache sync 13 at Mon May 25 14:35:43 UTC 2026
Cache sync 14 at Mon May 25 14:35:43 UTC 2026
Cache sync 15 at Mon May 25 14:35:43 UTC 2026
Cache sync 16 at Mon May 25 14:35:43 UTC 2026
Cache sync 17 at Mon May 25 14:35:43 UTC 2026
Cache sync 18 at Mon May 25 14:35:43 UTC 2026
Cache sync 19 at Mon May 25 14:35:43 UTC 2026
Cache sync 20 at Mon May 25 14:35:43 UTC 2026
Cache sync 21 at Mon May 25 14:35:43 UTC 2026
Cache sync 22 at Mon May 25 14:35:43 UTC 2026
Cache sync 23 at Mon May 25 14:35:43 UTC 2026
Cache sync 24 at Mon May 25 14:35:43 UTC 2026
Cache sync 25 at Mon May 25 14:35:43 UTC 2026
Cache sync 26 at Mon May 25 14:35:43 UTC 2026
Cache sync 27 at Mon May 25 14:35:43 UTC 2026
Cache sync 28 at Mon May 25 14:35:43 UTC 2026
Cache sync 29 at Mon May 25 14:35:43 UTC 2026
Cache sync 30 at Mon May 25 14:35:43 UTC 2026
Cache sync 31 at Mon May 25 14:35:43 UTC 2026
Cache sync 32 at Mon May 25 14:35:43 UTC 2026
Cache sync 33 at Mon May 25 14:35:43 UTC 2026
Cache sync 34 at Mon May 25 14:35:43 UTC 2026
Cache sync 35 at Mon May 25 14:35:43 UTC 2026
Cache sync 36 at Mon May 25 14:35:43 UTC 2026
Cache sync 37 at Mon May 25 14:35:43 UTC 2026
Cache sync 38 at Mon May 25 14:35:43 UTC 2026
Cache sync 39 at Mon May 25 14:35:43 UTC 2026
Cache sync 40 at Mon May 25 14:35:43 UTC 2026
Cache sync 41 at Mon May 25 14:35:43 UTC 2026
Cache sync 42 at Mon May 25 14:35:43 UTC 2026
Cache sync 43 at Mon May 25 14:35:43 UTC 2026
Cache sync 44 at Mon May 25 14:35:43 UTC 2026
Cache sync 45 at Mon May 25 14:35:43 UTC 2026
Cache sync 46 at Mon May 25 14:35:43 UTC 2026
Cache sync 47 at Mon May 25 14:35:43 UTC 2026
Cache sync 48 at Mon May 25 14:35:43 UTC 2026
Cache sync 49 at Mon May 25 14:35:43 UTC 2026
Cache sync 50 at Mon May 25 14:35:43 UTC 2026
Cache sync 51 at Mon May 25 14:35:43 UTC 2026
Cache sync 52 at Mon May 25 14:35:43 UTC 2026
Cache sync 53 at Mon May 25 14:35:43 UTC 2026
Cache sync 54 at Mon May 25 14:35:43 UTC 2026
Cache sync 55 at Mon May 25 14:35:43 UTC 2026
Cache sync 56 at Mon May 25 14:35:43 UTC 2026
Cache sync 57 at Mon May 25 14:35:43 UTC 2026
Cache sync 58 at Mon May 25 14:35:44 UTC 2026
Cache sync 59 at Mon May 25 14:35:44 UTC 2026
Cache sync 60 at Mon May 25 14:35:44 UTC 2026
Cache sync 61 at Mon May 25 14:35:44 UTC 2026
Cache sync 62 at Mon May 25 14:35:44 UTC 2026
Cache sync 63 at Mon May 25 14:35:44 UTC 2026
Cache sync 1 at Mon May 25 19:16:14 UTC 2026
Cache sync 2 at Mon May 25 19:16:14 UTC 2026
Cache sync 3 at Mon May 25 19:16:14 UTC 2026
Cache sync 4 at Mon May 25 19:16:14 UTC 2026
Cache sync 5 at Mon May 25 19:16:14 UTC 2026
Cache sync 6 at Mon May 25 19:16:14 UTC 2026
Cache sync 7 at Mon May 25 19:16:14 UTC 2026
Cache sync 8 at Mon May 25 19:16:14 UTC 2026
Cache sync 9 at Mon May 25 19:16:14 UTC 2026
Cache sync 10 at Mon May 25 19:16:14 UTC 2026
Cache sync 11 at Mon May 25 19:16:14 UTC 2026
Cache sync 12 at Mon May 25 19:16:14 UTC 2026
Cache sync 13 at Mon May 25 19:16:14 UTC 2026
Cache sync 14 at Mon May 25 19:16:14 UTC 2026
Cache sync 15 at Mon May 25 19:16:14 UTC 2026
Cache sync 16 at Mon May 25 19:16:14 UTC 2026
Cache sync 17 at Mon May 25 19:16:14 UTC 2026
Cache sync 18 at Mon May 25 19:16:14 UTC 2026
Cache sync 19 at Mon May 25 19:16:14 UTC 2026
Cache sync 20 at Mon May 25 19:16:14 UTC 2026
Cache sync 21 at Mon May 25 19:16:14 UTC 2026
Cache sync 22 at Mon May 25 19:16:14 UTC 2026
Cache sync 23 at Mon May 25 19:16:15 UTC 2026
Cache sync 24 at Mon May 25 19:16:15 UTC 2026
Cache sync 25 at Mon May 25 19:16:15 UTC 2026
Cache sync 26 at Mon May 25 19:16:15 UTC 2026
Cache sync 27 at Mon May 25 19:16:15 UTC 2026
Cache sync 28 at Mon May 25 19:16:15 UTC 2026
Cache sync 29 at Mon May 25 19:16:15 UTC 2026
Cache sync 30 at Mon May 25 19:16:15 UTC 2026
Cache sync 31 at Mon May 25 19:16:15 UTC 2026
Cache sync 32 at Mon May 25 19:16:15 UTC 2026
Cache sync 33 at Mon May 25 19:16:15 UTC 2026
Cache sync 34 at Mon May 25 19:16:15 UTC 2026
Cache sync 35 at Mon May 25 19:16:15 UTC 2026
Cache sync 36 at Mon May 25 19:16:15 UTC 2026
Cache sync 37 at Mon May 25 19:16:15 UTC 2026
Cache sync 38 at Mon May 25 19:16:15 UTC 2026
Cache sync 39 at Mon May 25 19:16:15 UTC 2026
Cache sync 40 at Mon May 25 19:16:15 UTC 2026
Cache sync 41 at Mon May 25 19:16:15 UTC 2026
Cache sync 42 at Mon May 25 19:16:15 UTC 2026
Cache sync 43 at Mon May 25 19:16:15 UTC 2026
Cache sync 44 at Mon May 25 19:16:15 UTC 2026
Cache sync 45 at Mon May 25 19:16:15 UTC 2026
Cache sync 46 at Mon May 25 19:16:15 UTC 2026
Cache sync 47 at Mon May 25 19:16:15 UTC 2026
Cache sync 48 at Mon May 25 19:16:15 UTC 2026
Cache sync 49 at Mon May 25 19:16:15 UTC 2026
Cache sync 50 at Mon May 25 19:16:15 UTC 2026
Cache sync 51 at Mon May 25 19:16:15 UTC 2026
Cache sync 52 at Mon May 25 19:16:15 UTC 2026
Cache sync 53 at Mon May 25 19:16:15 UTC 2026
Cache sync 54 at Mon May 25 19:16:15 UTC 2026
Cache sync 55 at Mon May 25 19:16:15 UTC 2026
Cache sync 56 at Mon May 25 19:16:15 UTC 2026
Cache sync 57 at Mon May 25 19:16:15 UTC 2026
Cache sync 58 at Mon May 25 19:16:15 UTC 2026
Cache sync 59 at Mon May 25 19:16:15 UTC 2026
Cache sync 60 at Mon May 25 19:16:15 UTC 2026
Cache sync 1 at Tue May 26 02:26:14 UTC 2026
Cache sync 2 at Tue May 26 02:26:14 UTC 2026
Cache sync 3 at Tue May 26 02:26:14 UTC 2026
Cache sync 4 at Tue May 26 02:26:14 UTC 2026
Cache sync 5 at Tue May 26 02:26:14 UTC 2026
Cache sync 6 at Tue May 26 02:26:14 UTC 2026
Cache sync 7 at Tue May 26 02:26:14 UTC 2026
Cache sync 8 at Tue May 26 02:26:14 UTC 2026
Cache sync 9 at Tue May 26 02:26:14 UTC 2026
Cache sync 10 at Tue May 26 02:26:14 UTC 2026
Cache sync 11 at Tue May 26 02:26:14 UTC 2026
Cache sync 12 at Tue May 26 02:26:14 UTC 2026
Cache sync 13 at Tue May 26 02:26:14 UTC 2026
Cache sync 14 at Tue May 26 02:26:14 UTC 2026
Cache sync 15 at Tue May 26 02:26:14 UTC 2026
Cache sync 16 at Tue May 26 02:26:14 UTC 2026
Cache sync 17 at Tue May 26 02:26:14 UTC 2026
Cache sync 18 at Tue May 26 02:26:14 UTC 2026
Cache sync 19 at Tue May 26 02:26:14 UTC 2026
Cache sync 20 at Tue May 26 02:26:14 UTC 2026
Cache sync 21 at Tue May 26 02:26:14 UTC 2026
Cache sync 22 at Tue May 26 02:26:14 UTC 2026
Cache sync 23 at Tue May 26 02:26:14 UTC 2026
Cache sync 24 at Tue May 26 02:26:14 UTC 2026
Cache sync 1 at Tue May 26 09:37:12 UTC 2026
Cache sync 2 at Tue May 26 09:37:12 UTC 2026
Cache sync 3 at Tue May 26 09:37:12 UTC 2026
Cache sync 4 at Tue May 26 09:37:12 UTC 2026
Cache sync 5 at Tue May 26 09:37:12 UTC 2026
Cache sync 6 at Tue May 26 09:37:12 UTC 2026
Cache sync 7 at Tue May 26 09:37:12 UTC 2026
Cache sync 8 at Tue May 26 09:37:12 UTC 2026
Cache sync 9 at Tue May 26 09:37:12 UTC 2026
Cache sync 10 at Tue May 26 09:37:12 UTC 2026
Cache sync 11 at Tue May 26 09:37:12 UTC 2026
Cache sync 12 at Tue May 26 09:37:12 UTC 2026
Cache sync 13 at Tue May 26 09:37:12 UTC 2026
Cache sync 14 at Tue May 26 09:37:12 UTC 2026
Cache sync 15 at Tue May 26 09:37:12 UTC 2026
Cache sync 16 at Tue May 26 09:37:12 UTC 2026
Cache sync 17 at Tue May 26 09:37:12 UTC 2026
Cache sync 18 at Tue May 26 09:37:12 UTC 2026
Cache sync 19 at Tue May 26 09:37:12 UTC 2026
Cache sync 20 at Tue May 26 09:37:12 UTC 2026
Cache sync 21 at Tue May 26 09:37:12 UTC 2026
Cache sync 22 at Tue May 26 09:37:12 UTC 2026
Cache sync 23 at Tue May 26 09:37:12 UTC 2026
Cache sync 24 at Tue May 26 09:37:12 UTC 2026
Cache sync 25 at Tue May 26 09:37:12 UTC 2026
Cache sync 26 at Tue May 26 09:37:12 UTC 2026
Cache sync 27 at Tue May 26 09:37:12 UTC 2026
Cache sync 28 at Tue May 26 09:37:12 UTC 2026
Cache sync 29 at Tue May 26 09:37:12 UTC 2026
Cache sync 30 at Tue May 26 09:37:12 UTC 2026
Cache sync 31 at Tue May 26 09:37:12 UTC 2026
Cache sync 32 at Tue May 26 09:37:12 UTC 2026
Cache sync 33 at Tue May 26 09:37:12 UTC 2026
Cache sync 34 at Tue May 26 09:37:12 UTC 2026
Cache sync 35 at Tue May 26 09:37:12 UTC 2026
Cache sync 36 at Tue May 26 09:37:12 UTC 2026
Cache sync 37 at Tue May 26 09:37:12 UTC 2026
Cache sync 38 at Tue May 26 09:37:12 UTC 2026
Cache sync 39 at Tue May 26 09:37:12 UTC 2026
Cache sync 40 at Tue May 26 09:37:12 UTC 2026
Cache sync 41 at Tue May 26 09:37:12 UTC 2026
Cache sync 42 at Tue May 26 09:37:12 UTC 2026
Cache sync 43 at Tue May 26 09:37:12 UTC 2026
Cache sync 44 at Tue May 26 09:37:12 UTC 2026
Cache sync 45 at Tue May 26 09:37:12 UTC 2026
Cache sync 46 at Tue May 26 09:37:12 UTC 2026
Cache sync 47 at Tue May 26 09:37:12 UTC 2026
Cache sync 48 at Tue May 26 09:37:12 UTC 2026
Cache sync 49 at Tue May 26 09:37:12 UTC 2026
Cache sync 50 at Tue May 26 09:37:12 UTC 2026
Cache sync 51 at Tue May 26 09:37:12 UTC 2026
Cache sync 52 at Tue May 26 09:37:12 UTC 2026
Cache sync 53 at Tue May 26 09:37:12 UTC 2026
Cache sync 54 at Tue May 26 09:37:12 UTC 2026
Cache sync 55 at Tue May 26 09:37:12 UTC 2026
Cache sync 56 at Tue May 26 09:37:12 UTC 2026
Cache sync 57 at Tue May 26 09:37:12 UTC 2026
Cache sync 58 at Tue May 26 09:37:12 UTC 2026
Cache sync 59 at Tue May 26 09:37:12 UTC 2026
Cache sync 60 at Tue May 26 09:37:12 UTC 2026
Cache sync 61 at Tue May 26 09:37:13 UTC 2026
Cache sync 62 at Tue May 26 09:37:13 UTC 2026
Cache sync 63 at Tue May 26 09:37:13 UTC 2026
Cache sync 64 at Tue May 26 09:37:13 UTC 2026
Cache sync 65 at Tue May 26 09:37:13 UTC 2026
Cache sync 66 at Tue May 26 09:37:13 UTC 2026
Cache sync 67 at Tue May 26 09:37:13 UTC 2026
Cache sync 68 at Tue May 26 09:37:13 UTC 2026
Cache sync 69 at Tue May 26 09:37:13 UTC 2026
Cache sync 70 at Tue May 26 09:37:13 UTC 2026
Cache sync 71 at Tue May 26 09:37:13 UTC 2026
Cache sync 1 at Tue May 26 14:46:38 UTC 2026
Cache sync 2 at Tue May 26 14:46:38 UTC 2026
Cache sync 3 at Tue May 26 14:46:38 UTC 2026
Cache sync 4 at Tue May 26 14:46:38 UTC 2026
Cache sync 5 at Tue May 26 14:46:39 UTC 2026
Cache sync 6 at Tue May 26 14:46:39 UTC 2026
Cache sync 7 at Tue May 26 14:46:39 UTC 2026
Cache sync 8 at Tue May 26 14:46:39 UTC 2026
Cache sync 9 at Tue May 26 14:46:39 UTC 2026
Cache sync 10 at Tue May 26 14:46:39 UTC 2026
Cache sync 11 at Tue May 26 14:46:39 UTC 2026
Cache sync 12 at Tue May 26 14:46:39 UTC 2026
Cache sync 13 at Tue May 26 14:46:39 UTC 2026
Cache sync 14 at Tue May 26 14:46:40 UTC 2026
Cache sync 15 at Tue May 26 14:46:40 UTC 2026
Cache sync 16 at Tue May 26 14:46:40 UTC 2026
Cache sync 17 at Tue May 26 14:46:40 UTC 2026
Cache sync 18 at Tue May 26 14:46:40 UTC 2026
Cache sync 19 at Tue May 26 14:46:40 UTC 2026
Cache sync 20 at Tue May 26 14:46:40 UTC 2026
Cache sync 21 at Tue May 26 14:46:40 UTC 2026
Cache sync 22 at Tue May 26 14:46:40 UTC 2026
Cache sync 23 at Tue May 26 14:46:40 UTC 2026
Cache sync 24 at Tue May 26 14:46:40 UTC 2026
Cache sync 25 at Tue May 26 14:46:40 UTC 2026
Cache sync 26 at Tue May 26 14:46:40 UTC 2026
Cache sync 27 at Tue May 26 14:46:40 UTC 2026
Cache sync 28 at Tue May 26 14:46:40 UTC 2026
Cache sync 29 at Tue May 26 14:46:40 UTC 2026
Cache sync 30 at Tue May 26 14:46:40 UTC 2026
Cache sync 31 at Tue May 26 14:46:40 UTC 2026
Cache sync 32 at Tue May 26 14:46:40 UTC 2026
Cache sync 33 at Tue May 26 14:46:40 UTC 2026
Cache sync 34 at Tue May 26 14:46:40 UTC 2026
Cache sync 35 at Tue May 26 14:46:40 UTC 2026
Cache sync 36 at Tue May 26 14:46:40 UTC 2026
Cache sync 37 at Tue May 26 14:46:40 UTC 2026
Cache sync 38 at Tue May 26 14:46:40 UTC 2026
Cache sync 39 at Tue May 26 14:46:40 UTC 2026
Cache sync 40 at Tue May 26 14:46:40 UTC 2026
Cache sync 41 at Tue May 26 14:46:40 UTC 2026
Cache sync 42 at Tue May 26 14:46:40 UTC 2026
Cache sync 43 at Tue May 26 14:46:40 UTC 2026
Cache sync 44 at Tue May 26 14:46:40 UTC 2026
Cache sync 45 at Tue May 26 14:46:40 UTC 2026
Cache sync 46 at Tue May 26 14:46:40 UTC 2026
Cache sync 47 at Tue May 26 14:46:41 UTC 2026
Cache sync 48 at Tue May 26 14:46:41 UTC 2026
Cache sync 49 at Tue May 26 14:46:41 UTC 2026
Cache sync 50 at Tue May 26 14:46:41 UTC 2026
Cache sync 51 at Tue May 26 14:46:41 UTC 2026
Cache sync 52 at Tue May 26 14:46:41 UTC 2026
Cache sync 53 at Tue May 26 14:46:41 UTC 2026
Cache sync 54 at Tue May 26 14:46:41 UTC 2026
Cache sync 55 at Tue May 26 14:46:41 UTC 2026
Cache sync 56 at Tue May 26 14:46:41 UTC 2026
Cache sync 57 at Tue May 26 14:46:41 UTC 2026
Cache sync 58 at Tue May 26 14:46:41 UTC 2026
Cache sync 59 at Tue May 26 14:46:41 UTC 2026
Cache sync 60 at Tue May 26 14:46:41 UTC 2026
Cache sync 61 at Tue May 26 14:46:41 UTC 2026
Cache sync 62 at Tue May 26 14:46:41 UTC 2026
Cache sync 63 at Tue May 26 14:46:41 UTC 2026
Cache sync 64 at Tue May 26 14:46:41 UTC 2026
Cache sync 65 at Tue May 26 14:46:41 UTC 2026
Cache sync 66 at Tue May 26 14:46:41 UTC 2026
Cache sync 67 at Tue May 26 14:46:41 UTC 2026
Cache sync 68 at Tue May 26 14:46:41 UTC 2026
Cache sync 69 at Tue May 26 14:46:41 UTC 2026
Cache sync 70 at Tue May 26 14:46:41 UTC 2026
Cache sync 71 at Tue May 26 14:46:41 UTC 2026
Cache sync 72 at Tue May 26 14:46:41 UTC 2026
Cache sync 73 at Tue May 26 14:46:41 UTC 2026
Cache sync 74 at Tue May 26 14:46:41 UTC 2026
Cache sync 75 at Tue May 26 14:46:41 UTC 2026
Cache sync 76 at Tue May 26 14:46:41 UTC 2026
Cache sync 77 at Tue May 26 14:46:41 UTC 2026
Cache sync 78 at Tue May 26 14:46:41 UTC 2026
Cache sync 79 at Tue May 26 14:46:41 UTC 2026
Cache sync 80 at Tue May 26 14:46:41 UTC 2026
Cache sync 81 at Tue May 26 14:46:41 UTC 2026
Cache sync 82 at Tue May 26 14:46:41 UTC 2026
Cache sync 83 at Tue May 26 14:46:41 UTC 2026
Cache sync 84 at Tue May 26 14:46:41 UTC 2026
Cache sync 1 at Tue May 26 19:57:05 UTC 2026
Cache sync 2 at Tue May 26 19:57:05 UTC 2026
Cache sync 3 at Tue May 26 19:57:05 UTC 2026
Cache sync 4 at Tue May 26 19:57:05 UTC 2026
Cache sync 5 at Tue May 26 19:57:05 UTC 2026
Cache sync 6 at Tue May 26 19:57:05 UTC 2026
Cache sync 7 at Tue May 26 19:57:05 UTC 2026
Cache sync 8 at Tue May 26 19:57:05 UTC 2026
Cache sync 9 at Tue May 26 19:57:05 UTC 2026
Cache sync 10 at Tue May 26 19:57:05 UTC 2026
Cache sync 11 at Tue May 26 19:57:05 UTC 2026
Cache sync 12 at Tue May 26 19:57:05 UTC 2026
Cache sync 13 at Tue May 26 19:57:05 UTC 2026
Cache sync 14 at Tue May 26 19:57:05 UTC 2026
Cache sync 15 at Tue May 26 19:57:05 UTC 2026
Cache sync 16 at Tue May 26 19:57:05 UTC 2026
Cache sync 17 at Tue May 26 19:57:05 UTC 2026
Cache sync 18 at Tue May 26 19:57:05 UTC 2026
Cache sync 19 at Tue May 26 19:57:05 UTC 2026
Cache sync 20 at Tue May 26 19:57:05 UTC 2026
Cache sync 21 at Tue May 26 19:57:05 UTC 2026
Cache sync 22 at Tue May 26 19:57:05 UTC 2026
Cache sync 23 at Tue May 26 19:57:05 UTC 2026
Cache sync 24 at Tue May 26 19:57:05 UTC 2026
Cache sync 25 at Tue May 26 19:57:05 UTC 2026
Cache sync 26 at Tue May 26 19:57:05 UTC 2026
Cache sync 27 at Tue May 26 19:57:05 UTC 2026
Cache sync 28 at Tue May 26 19:57:05 UTC 2026
Cache sync 29 at Tue May 26 19:57:05 UTC 2026
Cache sync 30 at Tue May 26 19:57:05 UTC 2026
Cache sync 31 at Tue May 26 19:57:05 UTC 2026
Cache sync 32 at Tue May 26 19:57:05 UTC 2026
Cache sync 33 at Tue May 26 19:57:05 UTC 2026
Cache sync 34 at Tue May 26 19:57:05 UTC 2026
Cache sync 35 at Tue May 26 19:57:05 UTC 2026
Cache sync 36 at Tue May 26 19:57:05 UTC 2026
Cache sync 37 at Tue May 26 19:57:05 UTC 2026
Cache sync 38 at Tue May 26 19:57:05 UTC 2026
Cache sync 39 at Tue May 26 19:57:05 UTC 2026
Cache sync 40 at Tue May 26 19:57:05 UTC 2026
Cache sync 41 at Tue May 26 19:57:05 UTC 2026
Cache sync 1 at Wed May 27 02:35:02 UTC 2026
Cache sync 2 at Wed May 27 02:35:02 UTC 2026
Cache sync 3 at Wed May 27 02:35:02 UTC 2026
Cache sync 4 at Wed May 27 02:35:02 UTC 2026
Cache sync 5 at Wed May 27 02:35:02 UTC 2026
Cache sync 6 at Wed May 27 02:35:02 UTC 2026
Cache sync 7 at Wed May 27 02:35:02 UTC 2026
Cache sync 8 at Wed May 27 02:35:02 UTC 2026
Cache sync 9 at Wed May 27 02:35:02 UTC 2026
Cache sync 10 at Wed May 27 02:35:02 UTC 2026
Cache sync 11 at Wed May 27 02:35:02 UTC 2026
Cache sync 1 at Wed May 27 09:30:13 UTC 2026
Cache sync 2 at Wed May 27 09:30:13 UTC 2026
Cache sync 3 at Wed May 27 09:30:13 UTC 2026
Cache sync 4 at Wed May 27 09:30:13 UTC 2026
Cache sync 5 at Wed May 27 09:30:13 UTC 2026
Cache sync 6 at Wed May 27 09:30:13 UTC 2026
Cache sync 7 at Wed May 27 09:30:13 UTC 2026
Cache sync 8 at Wed May 27 09:30:13 UTC 2026
Cache sync 9 at Wed May 27 09:30:13 UTC 2026
Cache sync 10 at Wed May 27 09:30:13 UTC 2026
Cache sync 11 at Wed May 27 09:30:13 UTC 2026
Cache sync 12 at Wed May 27 09:30:13 UTC 2026
Cache sync 13 at Wed May 27 09:30:13 UTC 2026
Cache sync 14 at Wed May 27 09:30:13 UTC 2026
Cache sync 15 at Wed May 27 09:30:13 UTC 2026
Cache sync 16 at Wed May 27 09:30:13 UTC 2026
Cache sync 1 at Wed May 27 14:56:38 UTC 2026
Cache sync 2 at Wed May 27 14:56:38 UTC 2026
Cache sync 3 at Wed May 27 14:56:38 UTC 2026
Cache sync 4 at Wed May 27 14:56:38 UTC 2026
Cache sync 5 at Wed May 27 14:56:38 UTC 2026
Cache sync 6 at Wed May 27 14:56:38 UTC 2026
Cache sync 7 at Wed May 27 14:56:38 UTC 2026
Cache sync 8 at Wed May 27 14:56:38 UTC 2026
Cache sync 9 at Wed May 27 14:56:38 UTC 2026
Cache sync 10 at Wed May 27 14:56:38 UTC 2026
Cache sync 11 at Wed May 27 14:56:38 UTC 2026
Cache sync 12 at Wed May 27 14:56:38 UTC 2026
Cache sync 13 at Wed May 27 14:56:38 UTC 2026
Cache sync 14 at Wed May 27 14:56:38 UTC 2026
Cache sync 15 at Wed May 27 14:56:38 UTC 2026
Cache sync 16 at Wed May 27 14:56:38 UTC 2026
Cache sync 17 at Wed May 27 14:56:38 UTC 2026
Cache sync 18 at Wed May 27 14:56:38 UTC 2026
Cache sync 19 at Wed May 27 14:56:38 UTC 2026
Cache sync 20 at Wed May 27 14:56:38 UTC 2026
Cache sync 21 at Wed May 27 14:56:38 UTC 2026
Cache sync 22 at Wed May 27 14:56:38 UTC 2026
Cache sync 23 at Wed May 27 14:56:38 UTC 2026
Cache sync 24 at Wed May 27 14:56:38 UTC 2026
Cache sync 25 at Wed May 27 14:56:38 UTC 2026
Cache sync 26 at Wed May 27 14:56:38 UTC 2026
Cache sync 27 at Wed May 27 14:56:38 UTC 2026
Cache sync 28 at Wed May 27 14:56:38 UTC 2026
Cache sync 29 at Wed May 27 14:56:38 UTC 2026
Cache sync 30 at Wed May 27 14:56:38 UTC 2026
Cache sync 31 at Wed May 27 14:56:38 UTC 2026
Cache sync 32 at Wed May 27 14:56:38 UTC 2026
Cache sync 33 at Wed May 27 14:56:38 UTC 2026
Cache sync 34 at Wed May 27 14:56:38 UTC 2026
Cache sync 35 at Wed May 27 14:56:38 UTC 2026
Cache sync 36 at Wed May 27 14:56:38 UTC 2026
Cache sync 37 at Wed May 27 14:56:38 UTC 2026
Cache sync 38 at Wed May 27 14:56:38 UTC 2026
Cache sync 39 at Wed May 27 14:56:38 UTC 2026
Cache sync 40 at Wed May 27 14:56:38 UTC 2026
Cache sync 41 at Wed May 27 14:56:38 UTC 2026
Cache sync 42 at Wed May 27 14:56:38 UTC 2026
Cache sync 43 at Wed May 27 14:56:38 UTC 2026
Cache sync 44 at Wed May 27 14:56:39 UTC 2026
Cache sync 45 at Wed May 27 14:56:39 UTC 2026
Cache sync 46 at Wed May 27 14:56:39 UTC 2026
Cache sync 47 at Wed May 27 14:56:39 UTC 2026
Cache sync 48 at Wed May 27 14:56:39 UTC 2026
Cache sync 49 at Wed May 27 14:56:39 UTC 2026
Cache sync 50 at Wed May 27 14:56:39 UTC 2026
Cache sync 51 at Wed May 27 14:56:39 UTC 2026
Cache sync 52 at Wed May 27 14:56:39 UTC 2026
Cache sync 53 at Wed May 27 14:56:39 UTC 2026
Cache sync 54 at Wed May 27 14:56:39 UTC 2026
Cache sync 55 at Wed May 27 14:56:39 UTC 2026
Cache sync 56 at Wed May 27 14:56:39 UTC 2026
Cache sync 57 at Wed May 27 14:56:39 UTC 2026
Cache sync 58 at Wed May 27 14:56:39 UTC 2026
Cache sync 59 at Wed May 27 14:56:39 UTC 2026
Cache sync 60 at Wed May 27 14:56:39 UTC 2026
Cache sync 61 at Wed May 27 14:56:39 UTC 2026
Cache sync 62 at Wed May 27 14:56:39 UTC 2026
Cache sync 63 at Wed May 27 14:56:39 UTC 2026
Cache sync 64 at Wed May 27 14:56:39 UTC 2026
Cache sync 65 at Wed May 27 14:56:39 UTC 2026
Cache sync 66 at Wed May 27 14:56:39 UTC 2026
Cache sync 67 at Wed May 27 14:56:39 UTC 2026
Cache sync 68 at Wed May 27 14:56:39 UTC 2026
Cache sync 69 at Wed May 27 14:56:39 UTC 2026
Cache sync 70 at Wed May 27 14:56:39 UTC 2026
Cache sync 71 at Wed May 27 14:56:39 UTC 2026
Cache sync 72 at Wed May 27 14:56:39 UTC 2026
Cache sync 73 at Wed May 27 14:56:39 UTC 2026
Cache sync 74 at Wed May 27 14:56:39 UTC 2026
Cache sync 75 at Wed May 27 14:56:39 UTC 2026
Cache sync 76 at Wed May 27 14:56:39 UTC 2026
Cache sync 1 at Wed May 27 20:01:14 UTC 2026
Cache sync 2 at Wed May 27 20:01:14 UTC 2026
Cache sync 3 at Wed May 27 20:01:14 UTC 2026
Cache sync 4 at Wed May 27 20:01:14 UTC 2026
Cache sync 5 at Wed May 27 20:01:14 UTC 2026
Cache sync 6 at Wed May 27 20:01:14 UTC 2026
Cache sync 7 at Wed May 27 20:01:14 UTC 2026
Cache sync 8 at Wed May 27 20:01:14 UTC 2026
Cache sync 9 at Wed May 27 20:01:14 UTC 2026
Cache sync 10 at Wed May 27 20:01:14 UTC 2026
Cache sync 11 at Wed May 27 20:01:14 UTC 2026
Cache sync 12 at Wed May 27 20:01:14 UTC 2026
Cache sync 13 at Wed May 27 20:01:14 UTC 2026
Cache sync 14 at Wed May 27 20:01:14 UTC 2026
Cache sync 15 at Wed May 27 20:01:14 UTC 2026
Cache sync 16 at Wed May 27 20:01:14 UTC 2026
Cache sync 17 at Wed May 27 20:01:14 UTC 2026
Cache sync 18 at Wed May 27 20:01:14 UTC 2026
Cache sync 19 at Wed May 27 20:01:14 UTC 2026
Cache sync 20 at Wed May 27 20:01:14 UTC 2026
Cache sync 21 at Wed May 27 20:01:14 UTC 2026
Cache sync 22 at Wed May 27 20:01:14 UTC 2026
Cache sync 23 at Wed May 27 20:01:14 UTC 2026
Cache sync 24 at Wed May 27 20:01:14 UTC 2026
Cache sync 25 at Wed May 27 20:01:14 UTC 2026
Cache sync 26 at Wed May 27 20:01:14 UTC 2026
Cache sync 27 at Wed May 27 20:01:14 UTC 2026
Cache sync 28 at Wed May 27 20:01:14 UTC 2026
Cache sync 29 at Wed May 27 20:01:14 UTC 2026
Cache sync 30 at Wed May 27 20:01:14 UTC 2026
Cache sync 31 at Wed May 27 20:01:14 UTC 2026
Cache sync 32 at Wed May 27 20:01:14 UTC 2026
Cache sync 33 at Wed May 27 20:01:14 UTC 2026
Cache sync 34 at Wed May 27 20:01:14 UTC 2026
Cache sync 35 at Wed May 27 20:01:14 UTC 2026
Cache sync 36 at Wed May 27 20:01:14 UTC 2026
Cache sync 37 at Wed May 27 20:01:14 UTC 2026
Cache sync 38 at Wed May 27 20:01:14 UTC 2026
Cache sync 39 at Wed May 27 20:01:14 UTC 2026
Cache sync 40 at Wed May 27 20:01:14 UTC 2026
Cache sync 41 at Wed May 27 20:01:14 UTC 2026
Cache sync 42 at Wed May 27 20:01:14 UTC 2026
Cache sync 43 at Wed May 27 20:01:14 UTC 2026
Cache sync 44 at Wed May 27 20:01:14 UTC 2026
Cache sync 45 at Wed May 27 20:01:14 UTC 2026
Cache sync 46 at Wed May 27 20:01:14 UTC 2026
Cache sync 47 at Wed May 27 20:01:14 UTC 2026
Cache sync 48 at Wed May 27 20:01:14 UTC 2026
Cache sync 49 at Wed May 27 20:01:14 UTC 2026
Cache sync 50 at Wed May 27 20:01:14 UTC 2026
Cache sync 51 at Wed May 27 20:01:14 UTC 2026
Cache sync 52 at Wed May 27 20:01:14 UTC 2026
Cache sync 53 at Wed May 27 20:01:14 UTC 2026
Cache sync 54 at Wed May 27 20:01:14 UTC 2026
Cache sync 55 at Wed May 27 20:01:14 UTC 2026
Cache sync 56 at Wed May 27 20:01:14 UTC 2026
Cache sync 57 at Wed May 27 20:01:14 UTC 2026
Cache sync 58 at Wed May 27 20:01:14 UTC 2026
Cache sync 59 at Wed May 27 20:01:14 UTC 2026
Cache sync 60 at Wed May 27 20:01:14 UTC 2026
Cache sync 61 at Wed May 27 20:01:14 UTC 2026
Cache sync 62 at Wed May 27 20:01:14 UTC 2026
Cache sync 63 at Wed May 27 20:01:14 UTC 2026
Cache sync 64 at Wed May 27 20:01:14 UTC 2026
Cache sync 65 at Wed May 27 20:01:14 UTC 2026
Cache sync 66 at Wed May 27 20:01:14 UTC 2026
Cache sync 67 at Wed May 27 20:01:14 UTC 2026
Cache sync 68 at Wed May 27 20:01:14 UTC 2026
Cache sync 69 at Wed May 27 20:01:14 UTC 2026
Cache sync 70 at Wed May 27 20:01:14 UTC 2026
Cache sync 71 at Wed May 27 20:01:14 UTC 2026
Cache sync 72 at Wed May 27 20:01:14 UTC 2026
Cache sync 73 at Wed May 27 20:01:14 UTC 2026
Cache sync 74 at Wed May 27 20:01:14 UTC 2026
Cache sync 75 at Wed May 27 20:01:14 UTC 2026
Cache sync 76 at Wed May 27 20:01:14 UTC 2026
Cache sync 77 at Wed May 27 20:01:14 UTC 2026
Cache sync 78 at Wed May 27 20:01:14 UTC 2026
Cache sync 79 at Wed May 27 20:01:14 UTC 2026
Cache sync 80 at Wed May 27 20:01:14 UTC 2026
Cache sync 81 at Wed May 27 20:01:14 UTC 2026
Cache sync 82 at Wed May 27 20:01:14 UTC 2026
Cache sync 83 at Wed May 27 20:01:14 UTC 2026
Cache sync 84 at Wed May 27 20:01:14 UTC 2026
Cache sync 1 at Thu May 28 02:11:27 UTC 2026
Cache sync 2 at Thu May 28 02:11:27 UTC 2026
Cache sync 3 at Thu May 28 02:11:27 UTC 2026
Cache sync 4 at Thu May 28 02:11:27 UTC 2026
Cache sync 5 at Thu May 28 02:11:27 UTC 2026
Cache sync 6 at Thu May 28 02:11:27 UTC 2026
Cache sync 7 at Thu May 28 02:11:27 UTC 2026
Cache sync 8 at Thu May 28 02:11:27 UTC 2026
Cache sync 9 at Thu May 28 02:11:27 UTC 2026
Cache sync 10 at Thu May 28 02:11:27 UTC 2026
Cache sync 11 at Thu May 28 02:11:27 UTC 2026
Cache sync 12 at Thu May 28 02:11:27 UTC 2026
Cache sync 13 at Thu May 28 02:11:27 UTC 2026
Cache sync 14 at Thu May 28 02:11:27 UTC 2026
Cache sync 15 at Thu May 28 02:11:27 UTC 2026
Cache sync 16 at Thu May 28 02:11:27 UTC 2026
Cache sync 17 at Thu May 28 02:11:27 UTC 2026
Cache sync 18 at Thu May 28 02:11:27 UTC 2026
Cache sync 19 at Thu May 28 02:11:27 UTC 2026
Cache sync 20 at Thu May 28 02:11:27 UTC 2026
Cache sync 21 at Thu May 28 02:11:27 UTC 2026
Cache sync 22 at Thu May 28 02:11:27 UTC 2026
Cache sync 23 at Thu May 28 02:11:27 UTC 2026
Cache sync 24 at Thu May 28 02:11:27 UTC 2026
Cache sync 25 at Thu May 28 02:11:27 UTC 2026
Cache sync 26 at Thu May 28 02:11:27 UTC 2026
Cache sync 27 at Thu May 28 02:11:27 UTC 2026
Cache sync 28 at Thu May 28 02:11:27 UTC 2026
Cache sync 29 at Thu May 28 02:11:27 UTC 2026
Cache sync 30 at Thu May 28 02:11:27 UTC 2026
Cache sync 31 at Thu May 28 02:11:27 UTC 2026
Cache sync 32 at Thu May 28 02:11:27 UTC 2026
Cache sync 33 at Thu May 28 02:11:27 UTC 2026
Cache sync 34 at Thu May 28 02:11:27 UTC 2026
Cache sync 35 at Thu May 28 02:11:27 UTC 2026
Cache sync 36 at Thu May 28 02:11:27 UTC 2026
Cache sync 37 at Thu May 28 02:11:27 UTC 2026
Cache sync 38 at Thu May 28 02:11:27 UTC 2026
Cache sync 39 at Thu May 28 02:11:27 UTC 2026
Cache sync 40 at Thu May 28 02:11:27 UTC 2026
Cache sync 41 at Thu May 28 02:11:27 UTC 2026
Cache sync 42 at Thu May 28 02:11:27 UTC 2026
Cache sync 43 at Thu May 28 02:11:27 UTC 2026
Cache sync 44 at Thu May 28 02:11:27 UTC 2026
Cache sync 45 at Thu May 28 02:11:27 UTC 2026
Cache sync 46 at Thu May 28 02:11:27 UTC 2026
Cache sync 1 at Thu May 28 09:46:35 UTC 2026
Cache sync 2 at Thu May 28 09:46:35 UTC 2026
Cache sync 3 at Thu May 28 09:46:35 UTC 2026
Cache sync 4 at Thu May 28 09:46:35 UTC 2026
Cache sync 5 at Thu May 28 09:46:35 UTC 2026
Cache sync 6 at Thu May 28 09:46:35 UTC 2026
Cache sync 7 at Thu May 28 09:46:35 UTC 2026
Cache sync 8 at Thu May 28 09:46:35 UTC 2026
Cache sync 9 at Thu May 28 09:46:35 UTC 2026
Cache sync 10 at Thu May 28 09:46:35 UTC 2026
Cache sync 11 at Thu May 28 09:46:35 UTC 2026
Cache sync 12 at Thu May 28 09:46:35 UTC 2026
Cache sync 13 at Thu May 28 09:46:35 UTC 2026
Cache sync 14 at Thu May 28 09:46:35 UTC 2026
Cache sync 15 at Thu May 28 09:46:35 UTC 2026
Cache sync 16 at Thu May 28 09:46:36 UTC 2026
Cache sync 17 at Thu May 28 09:46:36 UTC 2026
Cache sync 18 at Thu May 28 09:46:36 UTC 2026
Cache sync 19 at Thu May 28 09:46:36 UTC 2026
Cache sync 20 at Thu May 28 09:46:36 UTC 2026
Cache sync 21 at Thu May 28 09:46:36 UTC 2026
Cache sync 22 at Thu May 28 09:46:36 UTC 2026
Cache sync 23 at Thu May 28 09:46:36 UTC 2026
Cache sync 24 at Thu May 28 09:46:36 UTC 2026
Cache sync 25 at Thu May 28 09:46:36 UTC 2026
Cache sync 26 at Thu May 28 09:46:36 UTC 2026
Cache sync 27 at Thu May 28 09:46:36 UTC 2026
Cache sync 28 at Thu May 28 09:46:36 UTC 2026
Cache sync 29 at Thu May 28 09:46:36 UTC 2026
Cache sync 30 at Thu May 28 09:46:36 UTC 2026
Cache sync 31 at Thu May 28 09:46:36 UTC 2026
Cache sync 32 at Thu May 28 09:46:36 UTC 2026
Cache sync 33 at Thu May 28 09:46:36 UTC 2026
Cache sync 34 at Thu May 28 09:46:36 UTC 2026
Cache sync 35 at Thu May 28 09:46:36 UTC 2026
Cache sync 36 at Thu May 28 09:46:36 UTC 2026
Cache sync 37 at Thu May 28 09:46:36 UTC 2026
Cache sync 38 at Thu May 28 09:46:36 UTC 2026
Cache sync 39 at Thu May 28 09:46:36 UTC 2026
Cache sync 1 at Thu May 28 15:30:01 UTC 2026
Cache sync 2 at Thu May 28 15:30:01 UTC 2026
Cache sync 3 at Thu May 28 15:30:01 UTC 2026
Cache sync 4 at Thu May 28 15:30:01 UTC 2026
Cache sync 5 at Thu May 28 15:30:01 UTC 2026
Cache sync 6 at Thu May 28 15:30:01 UTC 2026
Cache sync 7 at Thu May 28 15:30:01 UTC 2026
Cache sync 8 at Thu May 28 15:30:01 UTC 2026
Cache sync 9 at Thu May 28 15:30:01 UTC 2026
Cache sync 10 at Thu May 28 15:30:01 UTC 2026
Cache sync 11 at Thu May 28 15:30:01 UTC 2026
Cache sync 12 at Thu May 28 15:30:01 UTC 2026
Cache sync 13 at Thu May 28 15:30:02 UTC 2026
Cache sync 14 at Thu May 28 15:30:02 UTC 2026
Cache sync 15 at Thu May 28 15:30:02 UTC 2026
Cache sync 16 at Thu May 28 15:30:02 UTC 2026
Cache sync 17 at Thu May 28 15:30:02 UTC 2026
Cache sync 18 at Thu May 28 15:30:02 UTC 2026
Cache sync 19 at Thu May 28 15:30:02 UTC 2026
Cache sync 20 at Thu May 28 15:30:02 UTC 2026
Cache sync 21 at Thu May 28 15:30:02 UTC 2026
Cache sync 22 at Thu May 28 15:30:02 UTC 2026
Cache sync 23 at Thu May 28 15:30:02 UTC 2026
Cache sync 24 at Thu May 28 15:30:02 UTC 2026
Cache sync 25 at Thu May 28 15:30:02 UTC 2026
Cache sync 26 at Thu May 28 15:30:02 UTC 2026
Cache sync 27 at Thu May 28 15:30:02 UTC 2026
Cache sync 28 at Thu May 28 15:30:02 UTC 2026
Cache sync 29 at Thu May 28 15:30:02 UTC 2026
Cache sync 30 at Thu May 28 15:30:02 UTC 2026
Cache sync 31 at Thu May 28 15:30:02 UTC 2026
Cache sync 32 at Thu May 28 15:30:02 UTC 2026
Cache sync 33 at Thu May 28 15:30:02 UTC 2026
Cache sync 34 at Thu May 28 15:30:02 UTC 2026
Cache sync 35 at Thu May 28 15:30:02 UTC 2026
Cache sync 36 at Thu May 28 15:30:02 UTC 2026
Cache sync 37 at Thu May 28 15:30:02 UTC 2026
Cache sync 38 at Thu May 28 15:30:02 UTC 2026
Cache sync 39 at Thu May 28 15:30:02 UTC 2026
Cache sync 40 at Thu May 28 15:30:02 UTC 2026
Cache sync 41 at Thu May 28 15:30:02 UTC 2026
Cache sync 42 at Thu May 28 15:30:02 UTC 2026
Cache sync 43 at Thu May 28 15:30:02 UTC 2026
Cache sync 44 at Thu May 28 15:30:02 UTC 2026
Cache sync 1 at Thu May 28 20:06:37 UTC 2026
Cache sync 2 at Thu May 28 20:06:37 UTC 2026
Cache sync 3 at Thu May 28 20:06:37 UTC 2026
Cache sync 4 at Thu May 28 20:06:37 UTC 2026
Cache sync 5 at Thu May 28 20:06:37 UTC 2026
Cache sync 6 at Thu May 28 20:06:37 UTC 2026
Cache sync 7 at Thu May 28 20:06:37 UTC 2026
Cache sync 8 at Thu May 28 20:06:37 UTC 2026
Cache sync 9 at Thu May 28 20:06:37 UTC 2026
Cache sync 10 at Thu May 28 20:06:37 UTC 2026
Cache sync 11 at Thu May 28 20:06:37 UTC 2026
Cache sync 12 at Thu May 28 20:06:37 UTC 2026
Cache sync 13 at Thu May 28 20:06:37 UTC 2026
Cache sync 14 at Thu May 28 20:06:37 UTC 2026
Cache sync 15 at Thu May 28 20:06:37 UTC 2026
Cache sync 16 at Thu May 28 20:06:37 UTC 2026
Cache sync 17 at Thu May 28 20:06:37 UTC 2026
Cache sync 18 at Thu May 28 20:06:37 UTC 2026
Cache sync 19 at Thu May 28 20:06:37 UTC 2026
Cache sync 20 at Thu May 28 20:06:37 UTC 2026
Cache sync 21 at Thu May 28 20:06:37 UTC 2026
Cache sync 22 at Thu May 28 20:06:37 UTC 2026
Cache sync 23 at Thu May 28 20:06:37 UTC 2026
Cache sync 24 at Thu May 28 20:06:37 UTC 2026
Cache sync 25 at Thu May 28 20:06:37 UTC 2026
Cache sync 26 at Thu May 28 20:06:37 UTC 2026
Cache sync 27 at Thu May 28 20:06:37 UTC 2026
Cache sync 28 at Thu May 28 20:06:37 UTC 2026
Cache sync 29 at Thu May 28 20:06:37 UTC 2026
Cache sync 30 at Thu May 28 20:06:37 UTC 2026
Cache sync 31 at Thu May 28 20:06:37 UTC 2026
Cache sync 32 at Thu May 28 20:06:37 UTC 2026
Cache sync 33 at Thu May 28 20:06:37 UTC 2026
Cache sync 34 at Thu May 28 20:06:37 UTC 2026
Cache sync 35 at Thu May 28 20:06:37 UTC 2026
Cache sync 36 at Thu May 28 20:06:37 UTC 2026
Cache sync 37 at Thu May 28 20:06:37 UTC 2026
Cache sync 38 at Thu May 28 20:06:37 UTC 2026
Cache sync 39 at Thu May 28 20:06:37 UTC 2026
Cache sync 40 at Thu May 28 20:06:37 UTC 2026
Cache sync 41 at Thu May 28 20:06:37 UTC 2026
Cache sync 42 at Thu May 28 20:06:37 UTC 2026
Cache sync 43 at Thu May 28 20:06:37 UTC 2026
Cache sync 44 at Thu May 28 20:06:37 UTC 2026
Cache sync 45 at Thu May 28 20:06:37 UTC 2026
Cache sync 46 at Thu May 28 20:06:37 UTC 2026
Cache sync 47 at Thu May 28 20:06:37 UTC 2026
Cache sync 1 at Fri May 29 02:15:10 UTC 2026
Cache sync 2 at Fri May 29 02:15:10 UTC 2026
Cache sync 3 at Fri May 29 02:15:10 UTC 2026
Cache sync 4 at Fri May 29 02:15:10 UTC 2026
Cache sync 5 at Fri May 29 02:15:10 UTC 2026
Cache sync 6 at Fri May 29 02:15:10 UTC 2026
Cache sync 7 at Fri May 29 02:15:10 UTC 2026
Cache sync 8 at Fri May 29 02:15:10 UTC 2026
Cache sync 9 at Fri May 29 02:15:10 UTC 2026
Cache sync 10 at Fri May 29 02:15:10 UTC 2026
Cache sync 11 at Fri May 29 02:15:10 UTC 2026
Cache sync 12 at Fri May 29 02:15:10 UTC 2026
Cache sync 13 at Fri May 29 02:15:10 UTC 2026
Cache sync 14 at Fri May 29 02:15:10 UTC 2026
Cache sync 15 at Fri May 29 02:15:10 UTC 2026
Cache sync 16 at Fri May 29 02:15:10 UTC 2026
Cache sync 17 at Fri May 29 02:15:10 UTC 2026
Cache sync 18 at Fri May 29 02:15:10 UTC 2026
Cache sync 19 at Fri May 29 02:15:10 UTC 2026
Cache sync 20 at Fri May 29 02:15:10 UTC 2026
Cache sync 21 at Fri May 29 02:15:10 UTC 2026
Cache sync 22 at Fri May 29 02:15:10 UTC 2026
Cache sync 23 at Fri May 29 02:15:10 UTC 2026
Cache sync 24 at Fri May 29 02:15:10 UTC 2026
Cache sync 25 at Fri May 29 02:15:10 UTC 2026
Cache sync 26 at Fri May 29 02:15:10 UTC 2026
Cache sync 27 at Fri May 29 02:15:10 UTC 2026
Cache sync 28 at Fri May 29 02:15:10 UTC 2026
Cache sync 29 at Fri May 29 02:15:10 UTC 2026
Cache sync 30 at Fri May 29 02:15:10 UTC 2026
Cache sync 31 at Fri May 29 02:15:10 UTC 2026
Cache sync 32 at Fri May 29 02:15:10 UTC 2026
Cache sync 33 at Fri May 29 02:15:10 UTC 2026
Cache sync 34 at Fri May 29 02:15:10 UTC 2026
Cache sync 35 at Fri May 29 02:15:11 UTC 2026
Cache sync 36 at Fri May 29 02:15:11 UTC 2026
Cache sync 37 at Fri May 29 02:15:11 UTC 2026
Cache sync 38 at Fri May 29 02:15:11 UTC 2026
Cache sync 39 at Fri May 29 02:15:11 UTC 2026
Cache sync 40 at Fri May 29 02:15:11 UTC 2026
Cache sync 41 at Fri May 29 02:15:11 UTC 2026
Cache sync 42 at Fri May 29 02:15:11 UTC 2026
Cache sync 43 at Fri May 29 02:15:11 UTC 2026
Cache sync 44 at Fri May 29 02:15:11 UTC 2026
Cache sync 45 at Fri May 29 02:15:11 UTC 2026
Cache sync 46 at Fri May 29 02:15:11 UTC 2026
Cache sync 47 at Fri May 29 02:15:11 UTC 2026
Cache sync 48 at Fri May 29 02:15:11 UTC 2026
Cache sync 49 at Fri May 29 02:15:11 UTC 2026
Cache sync 50 at Fri May 29 02:15:11 UTC 2026
Cache sync 51 at Fri May 29 02:15:11 UTC 2026
Cache sync 52 at Fri May 29 02:15:11 UTC 2026
Cache sync 53 at Fri May 29 02:15:11 UTC 2026
Cache sync 54 at Fri May 29 02:15:11 UTC 2026
Cache sync 55 at Fri May 29 02:15:11 UTC 2026
Cache sync 56 at Fri May 29 02:15:11 UTC 2026
Cache sync 57 at Fri May 29 02:15:11 UTC 2026
Cache sync 58 at Fri May 29 02:15:11 UTC 2026
Cache sync 59 at Fri May 29 02:15:11 UTC 2026
Cache sync 60 at Fri May 29 02:15:11 UTC 2026
Cache sync 61 at Fri May 29 02:15:11 UTC 2026
Cache sync 62 at Fri May 29 02:15:11 UTC 2026
Cache sync 63 at Fri May 29 02:15:11 UTC 2026
Cache sync 64 at Fri May 29 02:15:11 UTC 2026
Cache sync 65 at Fri May 29 02:15:11 UTC 2026
Cache sync 66 at Fri May 29 02:15:11 UTC 2026
Cache sync 67 at Fri May 29 02:15:11 UTC 2026
Cache sync 68 at Fri May 29 02:15:11 UTC 2026
Cache sync 69 at Fri May 29 02:15:11 UTC 2026
Cache sync 70 at Fri May 29 02:15:11 UTC 2026
Cache sync 71 at Fri May 29 02:15:11 UTC 2026
Cache sync 72 at Fri May 29 02:15:11 UTC 2026
Cache sync 73 at Fri May 29 02:15:11 UTC 2026
Cache sync 74 at Fri May 29 02:15:11 UTC 2026
Cache sync 75 at Fri May 29 02:15:11 UTC 2026
Cache sync 76 at Fri May 29 02:15:11 UTC 2026
Cache sync 77 at Fri May 29 02:15:11 UTC 2026
Cache sync 78 at Fri May 29 02:15:11 UTC 2026
Cache sync 79 at Fri May 29 02:15:11 UTC 2026
Cache sync 80 at Fri May 29 02:15:11 UTC 2026
Cache sync 81 at Fri May 29 02:15:11 UTC 2026
Cache sync 1 at Fri May 29 09:36:52 UTC 2026
Cache sync 2 at Fri May 29 09:36:52 UTC 2026
Cache sync 3 at Fri May 29 09:36:52 UTC 2026
Cache sync 4 at Fri May 29 09:36:52 UTC 2026
Cache sync 5 at Fri May 29 09:36:52 UTC 2026
Cache sync 6 at Fri May 29 09:36:52 UTC 2026
Cache sync 7 at Fri May 29 09:36:52 UTC 2026
Cache sync 8 at Fri May 29 09:36:52 UTC 2026
Cache sync 9 at Fri May 29 09:36:53 UTC 2026
Cache sync 10 at Fri May 29 09:36:53 UTC 2026
Cache sync 11 at Fri May 29 09:36:53 UTC 2026
Cache sync 12 at Fri May 29 09:36:53 UTC 2026
Cache sync 13 at Fri May 29 09:36:53 UTC 2026
Cache sync 14 at Fri May 29 09:36:53 UTC 2026
Cache sync 15 at Fri May 29 09:36:53 UTC 2026
Cache sync 16 at Fri May 29 09:36:53 UTC 2026
Cache sync 17 at Fri May 29 09:36:53 UTC 2026
Cache sync 18 at Fri May 29 09:36:53 UTC 2026
Cache sync 19 at Fri May 29 09:36:53 UTC 2026
Cache sync 20 at Fri May 29 09:36:53 UTC 2026
Cache sync 21 at Fri May 29 09:36:53 UTC 2026
Cache sync 22 at Fri May 29 09:36:53 UTC 2026
Cache sync 23 at Fri May 29 09:36:53 UTC 2026
Cache sync 24 at Fri May 29 09:36:53 UTC 2026
Cache sync 25 at Fri May 29 09:36:53 UTC 2026
Cache sync 26 at Fri May 29 09:36:53 UTC 2026
Cache sync 27 at Fri May 29 09:36:53 UTC 2026
Cache sync 28 at Fri May 29 09:36:53 UTC 2026
Cache sync 29 at Fri May 29 09:36:53 UTC 2026
Cache sync 30 at Fri May 29 09:36:53 UTC 2026
Cache sync 31 at Fri May 29 09:36:53 UTC 2026
Cache sync 32 at Fri May 29 09:36:53 UTC 2026
Cache sync 33 at Fri May 29 09:36:53 UTC 2026
Cache sync 34 at Fri May 29 09:36:53 UTC 2026
Cache sync 35 at Fri May 29 09:36:53 UTC 2026
Cache sync 36 at Fri May 29 09:36:53 UTC 2026
Cache sync 37 at Fri May 29 09:36:53 UTC 2026
Cache sync 38 at Fri May 29 09:36:53 UTC 2026
Cache sync 39 at Fri May 29 09:36:53 UTC 2026
Cache sync 40 at Fri May 29 09:36:53 UTC 2026
Cache sync 41 at Fri May 29 09:36:53 UTC 2026
Cache sync 42 at Fri May 29 09:36:53 UTC 2026
Cache sync 43 at Fri May 29 09:36:53 UTC 2026
Cache sync 44 at Fri May 29 09:36:53 UTC 2026
Cache sync 45 at Fri May 29 09:36:53 UTC 2026
Cache sync 46 at Fri May 29 09:36:53 UTC 2026
Cache sync 47 at Fri May 29 09:36:53 UTC 2026
Cache sync 48 at Fri May 29 09:36:53 UTC 2026
Cache sync 49 at Fri May 29 09:36:53 UTC 2026
Cache sync 50 at Fri May 29 09:36:53 UTC 2026
Cache sync 51 at Fri May 29 09:36:53 UTC 2026
Cache sync 52 at Fri May 29 09:36:53 UTC 2026
Cache sync 53 at Fri May 29 09:36:53 UTC 2026
Cache sync 54 at Fri May 29 09:36:53 UTC 2026
Cache sync 55 at Fri May 29 09:36:53 UTC 2026
Cache sync 56 at Fri May 29 09:36:53 UTC 2026
Cache sync 57 at Fri May 29 09:36:53 UTC 2026
Cache sync 58 at Fri May 29 09:36:53 UTC 2026
Cache sync 1 at Fri May 29 20:08:50 UTC 2026
Cache sync 2 at Fri May 29 20:08:50 UTC 2026
Cache sync 3 at Fri May 29 20:08:50 UTC 2026
Cache sync 4 at Fri May 29 20:08:50 UTC 2026
Cache sync 5 at Fri May 29 20:08:50 UTC 2026
Cache sync 6 at Fri May 29 20:08:50 UTC 2026
Cache sync 7 at Fri May 29 20:08:50 UTC 2026
Cache sync 8 at Fri May 29 20:08:50 UTC 2026
Cache sync 9 at Fri May 29 20:08:50 UTC 2026
Cache sync 10 at Fri May 29 20:08:50 UTC 2026
Cache sync 11 at Fri May 29 20:08:50 UTC 2026
Cache sync 12 at Fri May 29 20:08:50 UTC 2026
Cache sync 13 at Fri May 29 20:08:50 UTC 2026
Cache sync 14 at Fri May 29 20:08:50 UTC 2026
Cache sync 15 at Fri May 29 20:08:50 UTC 2026
Cache sync 16 at Fri May 29 20:08:50 UTC 2026
Cache sync 17 at Fri May 29 20:08:50 UTC 2026
Cache sync 18 at Fri May 29 20:08:50 UTC 2026
Cache sync 19 at Fri May 29 20:08:50 UTC 2026
Cache sync 20 at Fri May 29 20:08:50 UTC 2026
Cache sync 21 at Fri May 29 20:08:50 UTC 2026
Cache sync 22 at Fri May 29 20:08:50 UTC 2026
Cache sync 23 at Fri May 29 20:08:50 UTC 2026
Cache sync 24 at Fri May 29 20:08:50 UTC 2026
Cache sync 25 at Fri May 29 20:08:50 UTC 2026
Cache sync 26 at Fri May 29 20:08:50 UTC 2026
Cache sync 27 at Fri May 29 20:08:50 UTC 2026
Cache sync 28 at Fri May 29 20:08:50 UTC 2026
Cache sync 29 at Fri May 29 20:08:50 UTC 2026
Cache sync 30 at Fri May 29 20:08:50 UTC 2026
Cache sync 31 at Fri May 29 20:08:50 UTC 2026
Cache sync 32 at Fri May 29 20:08:50 UTC 2026
Cache sync 33 at Fri May 29 20:08:50 UTC 2026
Cache sync 34 at Fri May 29 20:08:50 UTC 2026
Cache sync 35 at Fri May 29 20:08:50 UTC 2026
Cache sync 36 at Fri May 29 20:08:50 UTC 2026
Cache sync 37 at Fri May 29 20:08:50 UTC 2026
Cache sync 38 at Fri May 29 20:08:50 UTC 2026
Cache sync 39 at Fri May 29 20:08:50 UTC 2026
Cache sync 40 at Fri May 29 20:08:50 UTC 2026
Cache sync 41 at Fri May 29 20:08:50 UTC 2026
Cache sync 42 at Fri May 29 20:08:50 UTC 2026
Cache sync 43 at Fri May 29 20:08:50 UTC 2026
Cache sync 44 at Fri May 29 20:08:50 UTC 2026
Cache sync 45 at Fri May 29 20:08:50 UTC 2026
Cache sync 46 at Fri May 29 20:08:51 UTC 2026
Cache sync 47 at Fri May 29 20:08:51 UTC 2026
Cache sync 48 at Fri May 29 20:08:51 UTC 2026
Cache sync 49 at Fri May 29 20:08:51 UTC 2026
Cache sync 50 at Fri May 29 20:08:51 UTC 2026
Cache sync 51 at Fri May 29 20:08:51 UTC 2026
Cache sync 52 at Fri May 29 20:08:51 UTC 2026
Cache sync 53 at Fri May 29 20:08:51 UTC 2026
Cache sync 54 at Fri May 29 20:08:51 UTC 2026
Cache sync 55 at Fri May 29 20:08:51 UTC 2026
Cache sync 56 at Fri May 29 20:08:51 UTC 2026
Cache sync 57 at Fri May 29 20:08:51 UTC 2026
Cache sync 58 at Fri May 29 20:08:51 UTC 2026
Cache sync 59 at Fri May 29 20:08:51 UTC 2026
Cache sync 60 at Fri May 29 20:08:51 UTC 2026
Cache sync 61 at Fri May 29 20:08:51 UTC 2026
Cache sync 62 at Fri May 29 20:08:51 UTC 2026
Cache sync 63 at Fri May 29 20:08:51 UTC 2026
Cache sync 64 at Fri May 29 20:08:51 UTC 2026
Cache sync 65 at Fri May 29 20:08:51 UTC 2026
Cache sync 66 at Fri May 29 20:08:51 UTC 2026
Cache sync 67 at Fri May 29 20:08:51 UTC 2026
Cache sync 68 at Fri May 29 20:08:51 UTC 2026
Cache sync 69 at Fri May 29 20:08:51 UTC 2026
Cache sync 70 at Fri May 29 20:08:51 UTC 2026
Cache sync 71 at Fri May 29 20:08:51 UTC 2026
Cache sync 72 at Fri May 29 20:08:51 UTC 2026
Cache sync 1 at Sat May 30 02:10:32 UTC 2026
Cache sync 2 at Sat May 30 02:10:32 UTC 2026
Cache sync 3 at Sat May 30 02:10:32 UTC 2026
Cache sync 4 at Sat May 30 02:10:32 UTC 2026
Cache sync 5 at Sat May 30 02:10:32 UTC 2026
Cache sync 6 at Sat May 30 02:10:32 UTC 2026
Cache sync 7 at Sat May 30 02:10:32 UTC 2026
Cache sync 8 at Sat May 30 02:10:32 UTC 2026
Cache sync 9 at Sat May 30 02:10:32 UTC 2026
Cache sync 10 at Sat May 30 02:10:32 UTC 2026
Cache sync 11 at Sat May 30 02:10:32 UTC 2026
Cache sync 12 at Sat May 30 02:10:32 UTC 2026
Cache sync 13 at Sat May 30 02:10:32 UTC 2026
Cache sync 14 at Sat May 30 02:10:32 UTC 2026
Cache sync 15 at Sat May 30 02:10:32 UTC 2026
Cache sync 16 at Sat May 30 02:10:32 UTC 2026
Cache sync 17 at Sat May 30 02:10:32 UTC 2026
Cache sync 18 at Sat May 30 02:10:32 UTC 2026
Cache sync 19 at Sat May 30 02:10:32 UTC 2026
Cache sync 20 at Sat May 30 02:10:32 UTC 2026
Cache sync 21 at Sat May 30 02:10:32 UTC 2026
Cache sync 22 at Sat May 30 02:10:32 UTC 2026
Cache sync 23 at Sat May 30 02:10:32 UTC 2026
Cache sync 24 at Sat May 30 02:10:32 UTC 2026
Cache sync 25 at Sat May 30 02:10:32 UTC 2026
Cache sync 26 at Sat May 30 02:10:32 UTC 2026
Cache sync 1 at Sat May 30 08:17:10 UTC 2026
Cache sync 2 at Sat May 30 08:17:10 UTC 2026
Cache sync 3 at Sat May 30 08:17:10 UTC 2026
Cache sync 4 at Sat May 30 08:17:10 UTC 2026
Cache sync 5 at Sat May 30 08:17:10 UTC 2026
Cache sync 6 at Sat May 30 08:17:10 UTC 2026
Cache sync 7 at Sat May 30 08:17:10 UTC 2026
Cache sync 8 at Sat May 30 08:17:10 UTC 2026
Cache sync 9 at Sat May 30 08:17:10 UTC 2026
Cache sync 1 at Sat May 30 18:59:45 UTC 2026
Cache sync 2 at Sat May 30 18:59:45 UTC 2026
Cache sync 3 at Sat May 30 18:59:45 UTC 2026
Cache sync 4 at Sat May 30 18:59:45 UTC 2026
Cache sync 5 at Sat May 30 18:59:45 UTC 2026
Cache sync 6 at Sat May 30 18:59:45 UTC 2026
Cache sync 7 at Sat May 30 18:59:45 UTC 2026
Cache sync 8 at Sat May 30 18:59:45 UTC 2026
Cache sync 9 at Sat May 30 18:59:45 UTC 2026
Cache sync 10 at Sat May 30 18:59:45 UTC 2026
Cache sync 11 at Sat May 30 18:59:45 UTC 2026
Cache sync 12 at Sat May 30 18:59:45 UTC 2026
Cache sync 13 at Sat May 30 18:59:45 UTC 2026
Cache sync 14 at Sat May 30 18:59:45 UTC 2026
Cache sync 15 at Sat May 30 18:59:45 UTC 2026
Cache sync 16 at Sat May 30 18:59:45 UTC 2026
Cache sync 17 at Sat May 30 18:59:45 UTC 2026
Cache sync 18 at Sat May 30 18:59:45 UTC 2026
Cache sync 19 at Sat May 30 18:59:45 UTC 2026
Cache sync 20 at Sat May 30 18:59:45 UTC 2026
Cache sync 21 at Sat May 30 18:59:45 UTC 2026
Cache sync 22 at Sat May 30 18:59:45 UTC 2026
Cache sync 23 at Sat May 30 18:59:45 UTC 2026
Cache sync 24 at Sat May 30 18:59:45 UTC 2026
Cache sync 25 at Sat May 30 18:59:45 UTC 2026
Cache sync 26 at Sat May 30 18:59:45 UTC 2026
Cache sync 27 at Sat May 30 18:59:45 UTC 2026
Cache sync 28 at Sat May 30 18:59:45 UTC 2026
Cache sync 29 at Sat May 30 18:59:45 UTC 2026
Cache sync 30 at Sat May 30 18:59:45 UTC 2026
Cache sync 31 at Sat May 30 18:59:45 UTC 2026
Cache sync 32 at Sat May 30 18:59:46 UTC 2026
Cache sync 33 at Sat May 30 18:59:46 UTC 2026
Cache sync 34 at Sat May 30 18:59:46 UTC 2026
Cache sync 35 at Sat May 30 18:59:46 UTC 2026
Cache sync 36 at Sat May 30 18:59:46 UTC 2026
Cache sync 37 at Sat May 30 18:59:46 UTC 2026
Cache sync 38 at Sat May 30 18:59:46 UTC 2026
Cache sync 39 at Sat May 30 18:59:46 UTC 2026
Cache sync 40 at Sat May 30 18:59:46 UTC 2026
Cache sync 41 at Sat May 30 18:59:46 UTC 2026
Cache sync 42 at Sat May 30 18:59:46 UTC 2026
Cache sync 43 at Sat May 30 18:59:46 UTC 2026
Cache sync 44 at Sat May 30 18:59:46 UTC 2026
Cache sync 45 at Sat May 30 18:59:46 UTC 2026
Cache sync 46 at Sat May 30 18:59:46 UTC 2026
Cache sync 47 at Sat May 30 18:59:46 UTC 2026
Cache sync 48 at Sat May 30 18:59:46 UTC 2026
Cache sync 49 at Sat May 30 18:59:46 UTC 2026
Cache sync 50 at Sat May 30 18:59:46 UTC 2026
Cache sync 51 at Sat May 30 18:59:46 UTC 2026
Cache sync 52 at Sat May 30 18:59:46 UTC 2026
Cache sync 53 at Sat May 30 18:59:46 UTC 2026
Cache sync 54 at Sat May 30 18:59:46 UTC 2026
Cache sync 55 at Sat May 30 18:59:46 UTC 2026
Cache sync 56 at Sat May 30 18:59:46 UTC 2026
Cache sync 57 at Sat May 30 18:59:46 UTC 2026
Cache sync 58 at Sat May 30 18:59:46 UTC 2026
Cache sync 59 at Sat May 30 18:59:46 UTC 2026
Cache sync 60 at Sat May 30 18:59:46 UTC 2026
Cache sync 61 at Sat May 30 18:59:46 UTC 2026
Cache sync 62 at Sat May 30 18:59:46 UTC 2026
Cache sync 63 at Sat May 30 18:59:46 UTC 2026
Cache sync 64 at Sat May 30 18:59:46 UTC 2026
Cache sync 65 at Sat May 30 18:59:46 UTC 2026
Cache sync 66 at Sat May 30 18:59:46 UTC 2026
Cache sync 67 at Sat May 30 18:59:46 UTC 2026
Cache sync 68 at Sat May 30 18:59:46 UTC 2026
Cache sync 69 at Sat May 30 18:59:46 UTC 2026
Cache sync 70 at Sat May 30 18:59:46 UTC 2026
Cache sync 71 at Sat May 30 18:59:46 UTC 2026
Cache sync 72 at Sat May 30 18:59:46 UTC 2026
Cache sync 73 at Sat May 30 18:59:46 UTC 2026
Cache sync 74 at Sat May 30 18:59:46 UTC 2026
Cache sync 75 at Sat May 30 18:59:46 UTC 2026
Cache sync 76 at Sat May 30 18:59:46 UTC 2026
Cache sync 77 at Sat May 30 18:59:46 UTC 2026
Cache sync 78 at Sat May 30 18:59:46 UTC 2026
Cache sync 79 at Sat May 30 18:59:46 UTC 2026
Cache sync 80 at Sat May 30 18:59:46 UTC 2026
Cache sync 81 at Sat May 30 18:59:46 UTC 2026
Cache sync 82 at Sat May 30 18:59:46 UTC 2026
Cache sync 83 at Sat May 30 18:59:46 UTC 2026
Cache sync 84 at Sat May 30 18:59:46 UTC 2026
Cache sync 1 at Sun May 31 02:36:17 UTC 2026
Cache sync 2 at Sun May 31 02:36:17 UTC 2026
Cache sync 3 at Sun May 31 02:36:17 UTC 2026
Cache sync 4 at Sun May 31 02:36:17 UTC 2026
Cache sync 5 at Sun May 31 02:36:17 UTC 2026
Cache sync 6 at Sun May 31 02:36:17 UTC 2026
Cache sync 7 at Sun May 31 02:36:17 UTC 2026
Cache sync 8 at Sun May 31 02:36:17 UTC 2026
Cache sync 9 at Sun May 31 02:36:17 UTC 2026
Cache sync 10 at Sun May 31 02:36:17 UTC 2026
Cache sync 11 at Sun May 31 02:36:17 UTC 2026
Cache sync 12 at Sun May 31 02:36:17 UTC 2026
Cache sync 13 at Sun May 31 02:36:17 UTC 2026
Cache sync 14 at Sun May 31 02:36:17 UTC 2026
Cache sync 15 at Sun May 31 02:36:17 UTC 2026
Cache sync 16 at Sun May 31 02:36:17 UTC 2026
Cache sync 17 at Sun May 31 02:36:17 UTC 2026
Cache sync 18 at Sun May 31 02:36:17 UTC 2026
Cache sync 19 at Sun May 31 02:36:17 UTC 2026
Cache sync 20 at Sun May 31 02:36:17 UTC 2026
Cache sync 21 at Sun May 31 02:36:17 UTC 2026
Cache sync 22 at Sun May 31 02:36:17 UTC 2026
Cache sync 23 at Sun May 31 02:36:17 UTC 2026
Cache sync 24 at Sun May 31 02:36:17 UTC 2026
Cache sync 25 at Sun May 31 02:36:17 UTC 2026
Cache sync 26 at Sun May 31 02:36:17 UTC 2026
Cache sync 27 at Sun May 31 02:36:17 UTC 2026
Cache sync 28 at Sun May 31 02:36:17 UTC 2026
Cache sync 29 at Sun May 31 02:36:17 UTC 2026
Cache sync 30 at Sun May 31 02:36:17 UTC 2026
Cache sync 31 at Sun May 31 02:36:17 UTC 2026
Cache sync 32 at Sun May 31 02:36:17 UTC 2026
Cache sync 33 at Sun May 31 02:36:17 UTC 2026
Cache sync 34 at Sun May 31 02:36:17 UTC 2026
Cache sync 35 at Sun May 31 02:36:17 UTC 2026
Cache sync 36 at Sun May 31 02:36:17 UTC 2026
Cache sync 37 at Sun May 31 02:36:17 UTC 2026
Cache sync 38 at Sun May 31 02:36:17 UTC 2026
Cache sync 39 at Sun May 31 02:36:17 UTC 2026
Cache sync 40 at Sun May 31 02:36:17 UTC 2026
Cache sync 41 at Sun May 31 02:36:17 UTC 2026
Cache sync 42 at Sun May 31 02:36:17 UTC 2026
Cache sync 43 at Sun May 31 02:36:17 UTC 2026
Cache sync 1 at Sun May 31 08:34:43 UTC 2026
Cache sync 2 at Sun May 31 08:34:43 UTC 2026
Cache sync 3 at Sun May 31 08:34:43 UTC 2026
Cache sync 4 at Sun May 31 08:34:43 UTC 2026
Cache sync 5 at Sun May 31 08:34:43 UTC 2026
Cache sync 6 at Sun May 31 08:34:43 UTC 2026
Cache sync 7 at Sun May 31 08:34:43 UTC 2026
Cache sync 8 at Sun May 31 08:34:43 UTC 2026
Cache sync 9 at Sun May 31 08:34:43 UTC 2026
Cache sync 10 at Sun May 31 08:34:43 UTC 2026
Cache sync 11 at Sun May 31 08:34:43 UTC 2026
Cache sync 12 at Sun May 31 08:34:43 UTC 2026
Cache sync 13 at Sun May 31 08:34:43 UTC 2026
Cache sync 14 at Sun May 31 08:34:43 UTC 2026
Cache sync 15 at Sun May 31 08:34:43 UTC 2026
Cache sync 16 at Sun May 31 08:34:43 UTC 2026
Cache sync 17 at Sun May 31 08:34:43 UTC 2026
Cache sync 18 at Sun May 31 08:34:43 UTC 2026
Cache sync 19 at Sun May 31 08:34:43 UTC 2026
Cache sync 20 at Sun May 31 08:34:44 UTC 2026
Cache sync 21 at Sun May 31 08:34:44 UTC 2026
Cache sync 22 at Sun May 31 08:34:44 UTC 2026
Cache sync 23 at Sun May 31 08:34:44 UTC 2026
Cache sync 24 at Sun May 31 08:34:44 UTC 2026
Cache sync 25 at Sun May 31 08:34:44 UTC 2026
Cache sync 26 at Sun May 31 08:34:44 UTC 2026
Cache sync 27 at Sun May 31 08:34:44 UTC 2026
Cache sync 28 at Sun May 31 08:34:44 UTC 2026
Cache sync 29 at Sun May 31 08:34:44 UTC 2026
Cache sync 30 at Sun May 31 08:34:44 UTC 2026
Cache sync 31 at Sun May 31 08:34:44 UTC 2026
Cache sync 32 at Sun May 31 08:34:44 UTC 2026
Cache sync 33 at Sun May 31 08:34:44 UTC 2026
Cache sync 34 at Sun May 31 08:34:44 UTC 2026
Cache sync 35 at Sun May 31 08:34:44 UTC 2026
Cache sync 36 at Sun May 31 08:34:44 UTC 2026
Cache sync 37 at Sun May 31 08:34:44 UTC 2026
Cache sync 38 at Sun May 31 08:34:44 UTC 2026
Cache sync 39 at Sun May 31 08:34:44 UTC 2026
Cache sync 40 at Sun May 31 08:34:44 UTC 2026
Cache sync 41 at Sun May 31 08:34:44 UTC 2026
Cache sync 42 at Sun May 31 08:34:44 UTC 2026
Cache sync 43 at Sun May 31 08:34:44 UTC 2026
Cache sync 44 at Sun May 31 08:34:44 UTC 2026
Cache sync 45 at Sun May 31 08:34:44 UTC 2026
Cache sync 46 at Sun May 31 08:34:44 UTC 2026
Cache sync 47 at Sun May 31 08:34:44 UTC 2026
Cache sync 48 at Sun May 31 08:34:44 UTC 2026
Cache sync 49 at Sun May 31 08:34:44 UTC 2026
Cache sync 50 at Sun May 31 08:34:44 UTC 2026
Cache sync 51 at Sun May 31 08:34:44 UTC 2026
Cache sync 52 at Sun May 31 08:34:44 UTC 2026
Cache sync 53 at Sun May 31 08:34:44 UTC 2026
Cache sync 54 at Sun May 31 08:34:44 UTC 2026
Cache sync 55 at Sun May 31 08:34:44 UTC 2026
Cache sync 56 at Sun May 31 08:34:44 UTC 2026
Cache sync 57 at Sun May 31 08:34:44 UTC 2026
Cache sync 58 at Sun May 31 08:34:44 UTC 2026
Cache sync 59 at Sun May 31 08:34:44 UTC 2026
Cache sync 60 at Sun May 31 08:34:44 UTC 2026
Cache sync 61 at Sun May 31 08:34:44 UTC 2026
Cache sync 62 at Sun May 31 08:34:44 UTC 2026
Cache sync 63 at Sun May 31 08:34:44 UTC 2026
Cache sync 64 at Sun May 31 08:34:44 UTC 2026
Cache sync 65 at Sun May 31 08:34:44 UTC 2026
Cache sync 66 at Sun May 31 08:34:44 UTC 2026
Cache sync 67 at Sun May 31 08:34:44 UTC 2026
Cache sync 68 at Sun May 31 08:34:44 UTC 2026
Cache sync 69 at Sun May 31 08:34:44 UTC 2026
Cache sync 70 at Sun May 31 08:34:44 UTC 2026
Cache sync 71 at Sun May 31 08:34:44 UTC 2026
Cache sync 72 at Sun May 31 08:34:44 UTC 2026
Cache sync 73 at Sun May 31 08:34:44 UTC 2026
Cache sync 74 at Sun May 31 08:34:44 UTC 2026
Cache sync 75 at Sun May 31 08:34:44 UTC 2026
Cache sync 76 at Sun May 31 08:34:44 UTC 2026
Cache sync 77 at Sun May 31 08:34:44 UTC 2026
Cache sync 78 at Sun May 31 08:34:44 UTC 2026
Cache sync 79 at Sun May 31 08:34:44 UTC 2026
Cache sync 80 at Sun May 31 08:34:44 UTC 2026
Cache sync 81 at Sun May 31 08:34:44 UTC 2026
Cache sync 82 at Sun May 31 08:34:44 UTC 2026
Cache sync 83 at Sun May 31 08:34:44 UTC 2026
Cache sync 1 at Sun May 31 13:16:18 UTC 2026
Cache sync 2 at Sun May 31 13:16:18 UTC 2026
Cache sync 3 at Sun May 31 13:16:18 UTC 2026
Cache sync 4 at Sun May 31 13:16:18 UTC 2026
Cache sync 5 at Sun May 31 13:16:18 UTC 2026
Cache sync 6 at Sun May 31 13:16:18 UTC 2026
Cache sync 7 at Sun May 31 13:16:18 UTC 2026
Cache sync 8 at Sun May 31 13:16:18 UTC 2026
Cache sync 9 at Sun May 31 13:16:18 UTC 2026
Cache sync 10 at Sun May 31 13:16:18 UTC 2026
Cache sync 11 at Sun May 31 13:16:18 UTC 2026
Cache sync 12 at Sun May 31 13:16:18 UTC 2026
Cache sync 13 at Sun May 31 13:16:18 UTC 2026
Cache sync 14 at Sun May 31 13:16:18 UTC 2026
Cache sync 15 at Sun May 31 13:16:18 UTC 2026
Cache sync 16 at Sun May 31 13:16:18 UTC 2026
Cache sync 17 at Sun May 31 13:16:18 UTC 2026
Cache sync 18 at Sun May 31 13:16:18 UTC 2026
Cache sync 19 at Sun May 31 13:16:18 UTC 2026
Cache sync 20 at Sun May 31 13:16:18 UTC 2026
Cache sync 21 at Sun May 31 13:16:18 UTC 2026
Cache sync 22 at Sun May 31 13:16:18 UTC 2026
Cache sync 23 at Sun May 31 13:16:18 UTC 2026
Cache sync 24 at Sun May 31 13:16:18 UTC 2026
Cache sync 1 at Sun May 31 19:03:19 UTC 2026
Cache sync 2 at Sun May 31 19:03:19 UTC 2026
Cache sync 3 at Sun May 31 19:03:19 UTC 2026
Cache sync 4 at Sun May 31 19:03:19 UTC 2026
Cache sync 5 at Sun May 31 19:03:19 UTC 2026
Cache sync 6 at Sun May 31 19:03:19 UTC 2026
Cache sync 7 at Sun May 31 19:03:19 UTC 2026
Cache sync 8 at Sun May 31 19:03:19 UTC 2026
Cache sync 9 at Sun May 31 19:03:20 UTC 2026
Cache sync 10 at Sun May 31 19:03:20 UTC 2026
Cache sync 11 at Sun May 31 19:03:20 UTC 2026
Cache sync 12 at Sun May 31 19:03:20 UTC 2026
Cache sync 13 at Sun May 31 19:03:20 UTC 2026
Cache sync 14 at Sun May 31 19:03:20 UTC 2026
Cache sync 15 at Sun May 31 19:03:20 UTC 2026
Cache sync 16 at Sun May 31 19:03:20 UTC 2026
Cache sync 17 at Sun May 31 19:03:20 UTC 2026
Cache sync 18 at Sun May 31 19:03:20 UTC 2026
Cache sync 19 at Sun May 31 19:03:20 UTC 2026
Cache sync 20 at Sun May 31 19:03:20 UTC 2026
Cache sync 21 at Sun May 31 19:03:20 UTC 2026
Cache sync 22 at Sun May 31 19:03:20 UTC 2026
Cache sync 23 at Sun May 31 19:03:20 UTC 2026
Cache sync 24 at Sun May 31 19:03:20 UTC 2026
Cache sync 25 at Sun May 31 19:03:20 UTC 2026
Cache sync 26 at Sun May 31 19:03:20 UTC 2026
Cache sync 27 at Sun May 31 19:03:20 UTC 2026
Cache sync 28 at Sun May 31 19:03:20 UTC 2026
Cache sync 29 at Sun May 31 19:03:20 UTC 2026
Cache sync 30 at Sun May 31 19:03:20 UTC 2026
Cache sync 31 at Sun May 31 19:03:20 UTC 2026
Cache sync 32 at Sun May 31 19:03:20 UTC 2026
Cache sync 33 at Sun May 31 19:03:20 UTC 2026
Cache sync 34 at Sun May 31 19:03:20 UTC 2026
Cache sync 35 at Sun May 31 19:03:20 UTC 2026
Cache sync 36 at Sun May 31 19:03:20 UTC 2026
Cache sync 37 at Sun May 31 19:03:20 UTC 2026
Cache sync 38 at Sun May 31 19:03:20 UTC 2026
Cache sync 39 at Sun May 31 19:03:20 UTC 2026
Cache sync 40 at Sun May 31 19:03:20 UTC 2026
Cache sync 1 at Mon Jun  1 02:45:37 UTC 2026
Cache sync 2 at Mon Jun  1 02:45:37 UTC 2026
Cache sync 3 at Mon Jun  1 02:45:37 UTC 2026
Cache sync 4 at Mon Jun  1 02:45:37 UTC 2026
Cache sync 5 at Mon Jun  1 02:45:37 UTC 2026
Cache sync 6 at Mon Jun  1 02:45:37 UTC 2026
Cache sync 7 at Mon Jun  1 02:45:37 UTC 2026
Cache sync 8 at Mon Jun  1 02:45:37 UTC 2026
Cache sync 9 at Mon Jun  1 02:45:37 UTC 2026
Cache sync 10 at Mon Jun  1 02:45:37 UTC 2026
Cache sync 11 at Mon Jun  1 02:45:37 UTC 2026
Cache sync 12 at Mon Jun  1 02:45:37 UTC 2026
Cache sync 13 at Mon Jun  1 02:45:37 UTC 2026
Cache sync 14 at Mon Jun  1 02:45:37 UTC 2026
Cache sync 15 at Mon Jun  1 02:45:37 UTC 2026
Cache sync 16 at Mon Jun  1 02:45:37 UTC 2026
Cache sync 17 at Mon Jun  1 02:45:37 UTC 2026
Cache sync 18 at Mon Jun  1 02:45:37 UTC 2026
Cache sync 19 at Mon Jun  1 02:45:37 UTC 2026
Cache sync 20 at Mon Jun  1 02:45:37 UTC 2026
Cache sync 21 at Mon Jun  1 02:45:37 UTC 2026
Cache sync 22 at Mon Jun  1 02:45:37 UTC 2026
Cache sync 23 at Mon Jun  1 02:45:37 UTC 2026
Cache sync 24 at Mon Jun  1 02:45:37 UTC 2026
Cache sync 25 at Mon Jun  1 02:45:37 UTC 2026
Cache sync 26 at Mon Jun  1 02:45:37 UTC 2026
Cache sync 27 at Mon Jun  1 02:45:37 UTC 2026
Cache sync 28 at Mon Jun  1 02:45:37 UTC 2026
Cache sync 29 at Mon Jun  1 02:45:37 UTC 2026
Cache sync 30 at Mon Jun  1 02:45:37 UTC 2026
Cache sync 31 at Mon Jun  1 02:45:37 UTC 2026
Cache sync 32 at Mon Jun  1 02:45:37 UTC 2026
Cache sync 33 at Mon Jun  1 02:45:37 UTC 2026
Cache sync 34 at Mon Jun  1 02:45:37 UTC 2026
Cache sync 35 at Mon Jun  1 02:45:37 UTC 2026
Cache sync 36 at Mon Jun  1 02:45:37 UTC 2026
Cache sync 37 at Mon Jun  1 02:45:37 UTC 2026
Cache sync 38 at Mon Jun  1 02:45:37 UTC 2026
Cache sync 39 at Mon Jun  1 02:45:37 UTC 2026
Cache sync 40 at Mon Jun  1 02:45:37 UTC 2026
Cache sync 41 at Mon Jun  1 02:45:37 UTC 2026
Cache sync 42 at Mon Jun  1 02:45:37 UTC 2026
Cache sync 43 at Mon Jun  1 02:45:37 UTC 2026
Cache sync 44 at Mon Jun  1 02:45:37 UTC 2026
Cache sync 45 at Mon Jun  1 02:45:37 UTC 2026
Cache sync 46 at Mon Jun  1 02:45:37 UTC 2026
Cache sync 47 at Mon Jun  1 02:45:37 UTC 2026
Cache sync 48 at Mon Jun  1 02:45:37 UTC 2026
Cache sync 49 at Mon Jun  1 02:45:37 UTC 2026
Cache sync 50 at Mon Jun  1 02:45:37 UTC 2026
Cache sync 51 at Mon Jun  1 02:45:38 UTC 2026
Cache sync 52 at Mon Jun  1 02:45:38 UTC 2026
Cache sync 53 at Mon Jun  1 02:45:38 UTC 2026
Cache sync 54 at Mon Jun  1 02:45:38 UTC 2026
Cache sync 55 at Mon Jun  1 02:45:38 UTC 2026
Cache sync 56 at Mon Jun  1 02:45:38 UTC 2026
Cache sync 57 at Mon Jun  1 02:45:38 UTC 2026
Cache sync 58 at Mon Jun  1 02:45:38 UTC 2026
Cache sync 59 at Mon Jun  1 02:45:38 UTC 2026
Cache sync 60 at Mon Jun  1 02:45:38 UTC 2026
Cache sync 61 at Mon Jun  1 02:45:38 UTC 2026
Cache sync 62 at Mon Jun  1 02:45:38 UTC 2026
Cache sync 63 at Mon Jun  1 02:45:38 UTC 2026
Cache sync 64 at Mon Jun  1 02:45:38 UTC 2026
Cache sync 65 at Mon Jun  1 02:45:38 UTC 2026
Cache sync 66 at Mon Jun  1 02:45:38 UTC 2026
